,216,133,132,131,130,137,136,135,134,139,138,24,25,26,27,20,21,22,23,160,28,29,0,4,8,87,120,121,122,123,124,125,126,127,128,129,59,58,55,54,57,56,51,50,53,52,200,195,193,192,115,114,88,116,111,110,113,112,82,83,80,81,119,118,84,85,3,7,247,108,109,102,103,100,101,106,107,104,105,39,38,33,32,31,30,37,36,35,34,86,60,61,62,63,64,65,66,67,68,69,253,254,255,181,145,182,183,2,187,184,6,99,98,229,91,90,93,92,95,94,97,96,11,10,13,12,15,14,17,16,19,18,143,117,89,151,150,153,152,155,154,232,48,49,46,47,44,45,42,43,40,41,1,5,9,146,147,144,202,142,204,140,141,148,149,77,76,75,74,73,72,71,70,79,78
216,0,0,0,0,0,0,0,0,0,0,0,0,0,0,0,0,0,0,0,0,0,0,0,0,0,0,0,0,0,0,0,0,0,0,0,0,0,0,0,0,0,0,0,0,0,0,0,0,0,0,0,0,0,0,0,0,0,0,0,0,0,0,0,0,0,0,0,0,0,0,0,0,0,0,0,0,0,0,0,0,0,0,0,0,0,0,0,0,0,0,0,0,0,0,0,0,0,0,0,0,0,0,0,0,0,0,0,0,0,0,0,0,0,0,0,0,0,0,0,0,0,0,0,0,0,0,0,0,0,0,0,0,0,0,0,0,0,0,0,0,0,0,0,0,0,0,0,0,0,0,0,0,0,0,0,0,0,0,0,0,2,0,0,0,0,0,0,0,0,0,0,0,0,0,0
133,0,0,1,0,0,0,0,0,0,0,0,0,0,0,0,0,0,0,0,0,0,0,0,0,0,0,0,0,0,0,0,0,0,0,0,0,0,0,0,0,0,0,0,0,0,0,0,0,0,0,0,0,0,0,0,0,0,0,0,0,0,0,0,0,0,0,0,0,0,0,0,0,0,0,0,0,0,0,0,0,0,0,0,1,0,0,0,0,0,0,0,0,0,0,0,0,0,0,0,0,0,0,0,0,0,0,0,0,0,0,0,0,0,0,0,0,0,0,0,0,0,0,0,0,0,0,0,0,0,0,0,0,0,0,0,0,0,0,0,0,0,0,0,0,0,0,0,0,0,0,0,0,0,0,0,0,0,0,0,0,0,0,0,0,0,0,0,0,0,0,0,0,0,0,0
132,0,0,4,1,0,0,0,0,3,4,0,0,0,0,0,0,0,0,0,0,0,0,0,0,0,0,0,0,0,0,0,0,0,0,0,0,0,0,0,0,0,0,0,0,0,0,0,0,0,0,0,0,0,0,0,0,0,0,0,0,0,0,0,0,0,0,0,0,0,0,0,0,0,0,0,0,0,0,0,0,0,0,1,0,4,0,0,0,0,0,0,0,0,0,0,0,0,0,0,0,0,0,0,0,0,0,0,0,0,0,0,0,0,0,0,0,0,0,0,0,0,0,0,0,0,0,0,0,0,0,0,0,0,0,0,0,0,0,0,0,0,0,0,0,0,0,0,0,1,0,0,0,0,0,0,0,0,0,0,0,0,0,0,0,0,0,0,0,0,0,0,0,0,0,0
131,0,0,0,0,0,0,0,0,0,0,0,0,0,0,0,0,0,0,0,0,0,1,0,0,0,0,0,0,0,0,0,0,0,0,0,0,0,0,0,0,0,0,0,0,0,0,0,0,0,0,0,0,0,0,0,0,0,0,0,0,0,0,0,0,0,0,0,0,0,0,0,0,0,0,0,0,0,0,0,0,0,0,0,0,0,0,0,0,0,0,0,0,0,0,0,0,0,0,0,0,0,0,0,0,0,0,0,0,0,0,0,0,0,0,0,0,0,0,0,0,0,0,0,0,0,0,0,0,0,0,0,0,0,0,0,0,0,0,0,0,0,0,0,0,0,0,0,0,0,0,0,0,0,0,0,0,0,0,0,1,0,0,0,0,0,0,0,0,0,0,0,0,0,0,0
130,0,0,0,0,4,0,0,0,0,0,0,0,0,0,0,0,0,0,0,0,0,0,0,0,0,0,0,0,0,0,0,0,0,0,0,0,0,0,0,0,0,0,0,0,0,0,0,0,0,0,0,0,0,0,0,0,0,0,0,0,0,0,0,0,0,0,0,0,0,0,0,0,0,0,0,0,0,0,0,0,0,0,0,0,0,0,0,0,0,0,0,0,0,0,0,0,0,0,0,0,0,0,0,0,0,0,0,0,0,0,0,0,0,0,0,0,0,0,0,0,0,0,0,0,0,0,0,0,0,0,0,0,0,0,0,0,0,0,0,0,0,0,0,0,0,0,0,2,0,0,0,0,0,0,0,0,0,2,0,0,0,0,0,0,0,0,0,0,0,0,0,0,0,0,0
137,0,0,0,0,0,0,1,4,0,2,0,0,0,0,0,0,0,0,0,0,0,0,0,0,0,0,0,0,0,0,0,0,0,0,0,0,0,0,0,0,0,0,0,0,0,0,0,0,0,0,0,0,0,0,0,0,0,0,0,0,0,0,0,0,0,0,0,0,0,0,0,0,0,0,0,0,0,0,0,0,0,0,0,0,0,0,0,6,0,0,0,0,0,0,0,0,0,0,0,0,0,0,0,0,0,0,0,0,0,0,0,0,0,0,0,0,0,0,0,0,0,0,0,0,0,0,0,0,0,0,0,0,0,0,0,0,0,0,0,0,0,0,0,0,0,1,0,0,0,0,0,0,0,0,0,0,0,0,0,0,0,0,0,0,0,0,0,0,0,0,0,0,0,0,0
136,0,0,0,0,0,0,0,1,0,0,0,0,0,0,0,0,0,0,0,0,0,0,0,0,0,0,0,0,0,0,0,0,0,0,0,0,0,0,0,0,0,0,0,0,0,0,0,0,0,0,0,0,0,0,0,0,0,0,0,0,0,0,0,0,0,0,0,0,0,0,0,0,0,0,0,0,0,0,0,0,0,0,0,0,0,0,0,0,1,0,0,0,0,0,0,0,0,0,0,0,0,0,0,0,0,0,0,0,0,0,0,0,0,0,0,0,0,0,0,0,0,0,0,0,0,0,0,0,0,0,0,0,0,0,0,0,0,0,0,0,0,0,0,0,0,0,0,0,0,0,0,0,0,0,0,0,0,0,0,0,0,0,0,0,0,0,0,0,0,0,0,0,0,0,0
135,0,0,4,0,0,4,0,4,4,0,0,0,0,0,0,0,0,0,0,0,0,0,1,0,0,0,0,0,0,0,0,0,0,0,0,0,0,0,0,0,0,0,0,0,0,0,0,0,0,0,0,0,0,0,0,0,0,0,0,0,0,0,0,0,0,0,0,0,0,0,0,0,0,0,0,0,0,0,0,0,0,8,0,0,0,0,0,0,0,0,0,0,0,0,0,0,0,0,0,0,0,0,0,0,0,0,0,0,0,0,0,0,0,0,0,0,0,0,0,0,0,0,0,0,0,0,0,0,0,0,0,0,0,0,0,0,0,0,0,0,0,0,0,0,0,0,0,1,0,0,0,0,0,0,0,1,0,0,0,0,0,0,0,0,0,0,0,0,0,0,0,0,0,0,0
134,0,1,4,0,4,0,0,4,4,0,0,0,0,0,0,0,0,0,0,0,0,0,0,0,0,0,0,0,0,0,0,0,0,0,0,0,0,0,0,0,0,0,0,0,0,0,0,0,0,0,0,0,0,0,0,0,0,0,0,0,0,0,0,0,0,0,0,0,0,0,0,0,0,0,0,0,0,0,0,0,0,0,8,0,0,0,0,0,0,0,0,0,0,0,0,0,0,0,0,0,0,0,0,0,0,0,0,0,0,0,0,0,0,0,0,0,0,0,0,0,0,0,0,0,0,0,0,0,0,0,0,0,0,0,0,0,0,0,0,0,0,0,0,0,0,0,1,0,0,0,0,0,0,0,0,0,0,0,0,0,0,0,0,0,0,0,0,0,0,0,0,0,0,0,0
139,0,0,0,0,0,2,0,4,4,8,1,0,1,0,0,0,0,0,0,0,0,0,0,0,0,0,0,0,0,0,0,0,0,0,0,0,0,0,0,0,0,0,0,0,0,0,0,0,0,0,0,0,0,0,0,0,0,0,0,0,0,0,0,0,0,0,0,0,0,0,0,0,0,0,0,0,0,0,0,0,0,0,0,0,0,5,1,0,0,0,0,0,0,0,1,0,0,0,0,0,0,0,0,0,0,0,0,0,0,0,0,0,0,0,0,0,0,0,0,0,0,0,0,0,0,0,0,0,0,0,0,0,0,0,0,0,1,0,0,0,0,0,0,0,0,0,0,0,0,0,0,0,0,0,0,0,0,0,0,0,0,2,0,0,0,0,0,0,0,0,0,0,0,0,0
41,0,0,0,0,0,0,0,0,0,0,0,5573,1003,4191,6324,1072,427,1498,445,0,14010,349779,456,4,37,11164,24,3,8,1,6,13,8,106,0,0,53619,76290,88149,133685,244337,77342,97443,83274,741510,43354,0,0,0,0,25,7,4582,10,16,101,52,28,44258,8062,21427,36857,9,3,24639,5713,11,22,0,280,67,400,323,415,1524,55,157,205,179,176458,357944,30848,11271,35788,6398,58131,529401,223886,132779,10190,300567,44445,115918,90873,87777,319835,18686,84156,54619,216220,0,0,6,0,0,0,0,34,0,0,9,599,784,0,4465,1188,3544,1940,821,1728,311,2351,21,14,33,204,72,135,453,210,137,48,0,42,12333,0,0,0,0,0,0,0,705452,46499,247292,53131,161756,234154,435584,375565,327642,4377073,1087,32,138,0,0,0,0,0,0,0,0,0,0,82198,30591,28478,49878,17678,126800,23703,120216,26804,6128
24,0,0,0,0,0,0,0,0,0,0,0,359423,6028,17895,8376,474,3263,6064,6246,0,9805,22817,138,191,1,1244,7,4,0,1,12,0,0,260,0,0,2958,3397,11996,9525,4514,1397,2988,2659,4628,3922,0,0,0,0,3,10,863,5,0,6,13,19,5193,863,1734,2429,3,7,2819,818,0,17,0,211,15,17,135,56,35,24,184,8,20,3030,9178,4358,2866,22667,2700,1819,124112,8815,4510,1385,19377,1379,7877,6220,11887,6701,1805,12709,1852,7838,0,0,0,0,0,0,0,8,0,0,5,44,113,0,584,91,157,89,77,146,15,719,40,39,153,1946,107,63,516,129,2103,375,0,245,448,0,0,0,0,0,0,0,16640,1042,5299,1290,5055,2350,23695,7252,5767,5593,92,15,1,0,0,0,0,0,0,0,0,0,0,3237,4633,2549,3701,984,11312,2099,9041,4257,651
25,0,0,0,0,0,0,0,0,0,1,0,6442,275162,12400,12800,827,817,1764,6351,0,10972,3594,23,6,1,567,4,1,2,2,2,0,1,1,0,0,4229,2743,1119,8396,2326,7234,4113,823,3342,1757,0,0,0,0,2,6,689,1,3,5,0,0,3276,760,2747,919,1,0,472,1722,6,4,0,9,4,13,9,26,38,19,9,19,17,3114,4617,4246,10686,3237,13729,57259,8490,10208,2235,301,2424,12563,2422,4653,6005,6248,4505,1848,7680,4160,0,0,0,0,0,0,0,2,0,0,2,89,14,0,160,230,59,444,67,82,169,30,54,13,323,78,23,86,110,84,76,392,0,2,409,0,0,0,0,0,0,0,516,37685,4604,1029,7757,1512,21617,677,5104,1320,140,1,4,0,0,0,0,0,0,0,0,0,0,2278,2245,2212,639,5527,1084,2462,6758,453,1542
26,0,0,0,0,0,0,0,0,0,0,0,22356,14490,803382,14482,78,3023,985,5728,0,46309,25406,182,7,6,681,4,12,9,1,3,2,1,225,0,0,12464,3698,11189,31297,36867,3139,7145,42731,7681,4496,0,0,0,0,0,3,1124,1,1,24,0,4,9117,2191,2389,8943,0,1,1832,1329,6,16,0,22,14,46,229,45,45,9,23,6,54,6063,173440,46972,5388,58983,12047,5644,38023,22242,4930,4842,13764,7514,55350,4632,17043,14142,23587,16016,2407,37518,0,0,0,0,0,0,0,39,0,0,0,43,371,0,780,704,817,132,194,146,71,152,51,23,82,157,61,1579,143,73,1303,271,0,2,1135,0,0,0,0,0,0,0,3270,2662,11441,2369,12039,13533,62075,7437,16904,5156,151,16,311,0,0,0,0,0,0,1,0,0,0,7461,7357,1742,22170,3495,8304,8988,16359,5370,6302
27,2,0,0,0,0,0,0,0,0,0,0,11969,16995,17120,778307,973,467,2355,1423,0,29002,37531,216,163,15,3294,3,3,0,0,0,0,0,6,0,0,11673,26557,17200,69990,10705,14196,36152,5978,7322,4935,0,0,0,0,5,5,767,0,11,2,6,19,26999,2034,8515,5029,6,3,2625,5606,6,3,0,40,10,53,84,62,67,149,57,93,33,131363,37027,12573,40435,20652,21323,14323,64581,82071,31553,2599,17884,15730,18480,41225,13969,19361,13053,25987,14904,25047,0,0,0,0,0,0,0,5,0,0,3,178,103,0,1399,731,739,510,327,704,93,400,53,91,68,78,2263,65,297,128,391,171,0,3,976,0,0,0,0,0,0,0,6109,6463,36840,3782,33774,5440,108905,6113,35666,8148,151,38,80,0,0,0,0,0,0,0,1,0,0,7634,5925,16447,7293,10672,11860,6382,51386,7252,4713
20,0,0,0,0,0,0,0,0,0,0,0,474,660,118,976,22181,483,511,258,0,479,171,238,2,79,54,0,0,1,0,1,0,0,6,0,0,208,253,189,526,168,859,398,45,346,83,0,0,0,0,0,0,22,0,0,1,3,0,692,90,313,31,0,0,77,71,2,3,0,1,42,2,4,5,2,1,0,2,3,347,222,1042,7504,225,166,279,1366,461,498,25,458,360,655,438,201,275,171,211,607,243,0,0,0,0,0,0,0,5,0,0,4,1,2,0,29,10,5,75,11,3,9,36,24,488,60,32,124,25,168,103,487,368,0,0,34,0,0,0,0,0,0,0,262,237,667,340,3532,48,2488,116,184,562,1,4,8,0,0,0,0,0,0,0,0,0,0,127,84,206,79,143,404,251,568,52,80
21,0,0,0,0,0,0,0,0,0,0,0,2499,678,1974,582,450,65245,1886,2871,0,3215,480,2,27,0,84,1,0,0,11,0,0,0,1,0,0,1245,153,473,1058,2067,159,448,395,244,988,0,0,0,0,0,0,127,0,1,8,0,0,273,138,192,527,0,0,191,108,0,50,0,2,0,0,17,12,2,9,4,1,10,491,1108,27206,210,1111,241,466,1958,1855,702,135,711,890,722,201,2029,356,469,699,188,1823,0,0,0,0,0,0,0,3,0,0,4,8,11,0,50,12,72,27,1,13,14,16,13,85,32,61,19,167,637,345,2332,403,0,0,41,0,0,0,0,0,0,0,329,310,683,296,595,2812,3640,402,1652,250,3,2,169,0,0,0,0,0,0,0,0,0,0,122,663,81,345,714,478,606,1032,154,144
22,0,0,0,0,0,0,0,0,0,0,0,3606,1331,962,2843,741,1753,55791,1390,0,343,2197,32,0,6,137,1,0,13,0,0,0,1,2,0,0,324,1677,448,1582,443,452,512,337,999,104,0,0,0,0,0,0,50,0,3,11,4,0,1497,45,392,225,1,2,229,91,2,4,0,6,0,12,43,1,28,42,1,9,9,858,1518,871,913,994,622,582,3355,1135,29318,235,983,1229,2173,1131,479,1527,186,643,378,1687,0,0,0,0,0,0,0,1,0,0,4,26,16,0,52,15,16,21,5,140,9,24,32,235,29,104,88,23,435,128,335,140,0,0,198,0,0,0,0,0,0,0,357,287,3523,119,957,238,4993,400,1238,1360,32,14,2,0,0,0,0,0,0,0,0,0,0,742,185,426,710,215,606,156,2257,273,152
23,0,0,0,0,0,0,0,0,0,0,0,5738,5245,4586,1178,403,3760,1269,155177,0,10220,907,24,13,6,94,0,0,0,0,1,0,0,10,0,0,5438,223,596,4952,1638,838,766,818,544,1102,0,0,0,0,0,5,152,0,1,10,0,0,2308,662,375,519,1,0,77,211,4,11,0,2,0,4,8,19,5,13,2,1,2,1433,1806,2362,696,2057,4478,1176,3330,37601,333,848,596,1062,2010,1460,2895,267,3235,896,835,2090,0,0,0,0,0,0,0,1,0,0,1,22,10,0,64,116,33,46,36,92,6,16,474,44,18,91,140,74,68,443,484,433,0,5,48,0,0,0,0,0,0,0,294,390,1246,3718,1156,851,7081,324,1759,253,9,65,7,0,0,0,0,0,0,0,0,0,0,103,1142,702,1011,821,261,2899,2336,176,939
160,0,0,0,0,0,0,0,0,0,0,0,0,0,0,0,0,0,0,0,0,0,0,0,0,0,0,0,0,0,0,0,0,0,0,0,0,0,0,0,0,0,0,0,0,0,0,0,0,0,0,0,0,0,0,0,0,0,0,0,0,0,0,0,0,0,0,0,0,0,0,0,0,0,0,0,0,0,0,0,0,0,1,0,0,0,0,0,0,0,0,0,0,0,0,0,0,0,0,0,0,0,0,0,0,0,0,0,0,0,0,0,0,0,0,0,0,0,0,0,0,0,0,0,0,0,0,0,0,0,0,0,0,0,0,0,0,0,0,0,0,0,0,0,0,0,0,0,0,0,0,0,0,0,0,0,0,0,0,0,0,0,0,0,0,0,0,0,0,0,0,0,0,0,0,0
28,0,0,0,0,0,0,0,0,0,0,0,13632,12445,60770,45013,287,2358,772,10374,0,2518624,60172,215,98,7,3443,2,32,9,10,3,0,4,18,0,0,99271,8764,36243,127927,43872,40593,24545,15217,10930,98819,0,0,0,0,2,122,7011,3,9,23,0,16,40991,13698,22302,19455,2,6,4254,6965,3,10,0,43,37,121,115,633,106,100,74,301,363,47546,120445,174762,32462,92832,101286,29239,133340,194862,14047,8709,35261,32807,57137,30550,135770,22803,34397,47879,42810,93541,0,0,0,0,0,0,0,41,0,0,3,107,326,0,2265,2423,1820,1361,1143,425,299,661,121,41,12,199,45,48,90,5341,498,130,0,4,1041,0,0,0,0,0,0,0,10184,12744,59317,37408,50495,24361,266636,17645,412214,15278,512,13,21,0,0,0,0,1,0,0,0,0,0,9858,50111,9737,26554,21383,18322,58402,69142,14712,12925
29,0,0,0,1,0,0,0,0,0,0,0,22273,4022,32456,43854,170,580,2372,681,0,79293,1977362,210,44,21,2408,24,20,3,2,2,0,0,16,0,0,14912,24239,20822,48911,62058,20767,20523,8646,98236,5522,0,0,0,0,10,10,1637,24,5,58,28,29,20863,2412,9919,16121,30,3,11412,2987,2,8,0,158,7,48,209,119,646,80,29,102,224,21784,48184,51332,30778,133140,40256,13992,189506,50608,114355,4501,105204,13431,36570,28895,25714,119185,5051,32892,20373,78719,0,0,0,0,0,0,0,110,0,0,10,136,346,0,1626,318,1947,1158,292,785,105,1174,27,12,30,63,51,67,4091,84,310,68,2,14,5903,0,0,0,0,0,0,0,37227,5699,36165,3483,27477,13417,148691,19190,37146,324379,456,394,17,0,0,0,0,0,0,0,0,0,0,37012,10532,12816,20836,5981,59126,7485,49471,12414,2000
0,0,0,0,0,0,0,0,0,0,0,0,194,15,150,99,237,27,25,20,0,201,130,126004,141,78,103,321,10,6,10,10,4,13,660,0,0,1363,552,1013,2397,1237,375,6209,778,542,512,0,0,0,0,30,68,245,13,21,43,56,64,407,233,396,655,33,19,370,143,103,166,0,28,13,63,27,486,220,14,118,47,20,1796,2831,271,192,264,102,1619,5552,5477,158,270,2022,1169,2515,1587,3763,1509,1623,2162,1337,3066,0,2,5,1,0,0,0,251,0,0,72,71,76,0,133,364,95,83,587,34,59,407,141,234,45,396,40,113,56,62,44,28,0,5,142,0,0,0,0,0,0,0,859,615,3834,359,1964,650,12185,758,3154,542,3729,174,69,0,0,1,0,0,0,0,0,0,0,1086,1491,609,1224,1099,1990,1297,3249,829,412
4,0,0,0,0,0,0,0,0,0,0,0,146,0,3,175,3,20,1,11,0,69,83,147,1534,80,0,0,0,1,0,1,0,0,2,0,0,45,35,22,361,100,43,34,24,31,45,0,0,0,0,1,0,4,0,0,0,2,3,26,9,7,7,1,0,2,96,316,160,0,2,1,0,1,1,0,1,1,3,1,92,136,70,107,24,268,27,234,52,78,4,29,27,44,30,94,38,18,36,20,35,0,0,0,0,0,0,0,293,0,0,53,0,0,0,0,3,0,1,3,0,1,0,47,11,5,11,6,19,7,86,25,8,0,1,1,0,0,0,0,0,0,0,15,61,466,32,62,25,346,14,62,8,93,413,97,0,0,0,0,0,0,0,0,0,0,5,14,26,16,4,15,28,44,1,13
8,0,0,0,0,0,0,0,0,0,0,0,2,0,5,0,148,6,9,9,0,6,19,65,51,1186,3,2,0,0,0,0,1,0,5,0,0,25,7,38,30,19,20,15,14,5,3,0,0,0,0,0,1,5,2,0,1,1,0,19,35,2,7,0,2,3,8,47,164,0,0,2,1,1,2,1,2,1,0,0,36,101,8,13,7,19,7,261,30,5,1,55,64,47,41,179,70,5,56,30,54,0,0,0,0,0,0,0,32,0,0,99,0,2,0,0,0,28,1,8,4,3,26,28,60,8,42,14,3,5,8,5,6,0,1,7,0,0,0,0,0,0,0,24,4,30,6,72,11,188,60,32,43,35,59,101,0,0,0,0,0,0,0,0,0,0,12,47,20,18,15,26,21,77,5,4
119,0,0,0,0,0,0,0,0,0,0,0,3,1,0,0,0,0,3,1,0,0,9,40,1,0,11,497,93,154,46,51,12,184,141,0,0,74,5,97,426,102,9,11,22,14,63,0,0,0,0,228,155,3,112,70,99,99,42,261,11,12,35,1687,367,31,1,0,0,0,56,33,6,14,13,16,15,56,21,12,7,525,8,5,25,13,15,57,47,0,9,59,12,27,26,114,25,30,24,23,426,0,0,0,0,0,0,0,0,0,0,1,4,10,0,27,5,39,11,29,4,11,50,0,1,0,12,0,0,0,0,0,0,0,1271,9,0,0,0,0,0,0,0,50,8,20,16,188,6,151,19,15,27,0,0,0,0,0,0,0,0,0,0,0,0,0,16,40,15,12,30,42,51,178,37,23
120,0,0,0,0,0,0,0,0,0,0,0,7,3,0,2,0,0,1,0,0,9,15,255,8,0,0,1541,177,157,54,106,18,9,116,0,0,25,14,11,28,50,18,18,9,24,46,0,0,0,0,93,98,5,124,83,51,58,60,38,21,25,9,532,132,26,13,0,0,0,364,25,13,55,90,16,45,19,48,14,18,25,5,41,4,19,13,117,26,19,4,52,13,14,24,75,18,84,37,62,61,0,0,0,0,0,0,0,0,0,0,0,15,15,0,13,8,8,79,28,4,0,15,2,1,0,0,0,0,5,1,0,0,0,218,11,0,0,0,0,0,0,0,14,23,25,14,13,8,119,8,21,23,3,0,0,0,0,0,0,0,0,0,0,0,0,13,15,24,15,59,128,43,93,1,19
121,0,0,0,0,0,0,0,0,0,0,0,3,0,6,7,0,0,0,0,0,6,1,7,1,0,3,212,1266,189,75,49,30,38,67,0,0,63,16,40,44,93,26,6,182,13,29,0,0,0,0,64,358,1,158,105,26,66,13,10,8,21,14,47,193,6,9,5,0,0,15,70,7,76,47,10,12,33,4,11,124,26,39,14,3,7,19,11,249,2,12,126,51,160,24,167,22,65,18,62,47,0,0,0,0,0,0,0,0,0,0,0,12,17,0,3,5,6,4,0,16,49,12,0,2,1,0,0,0,1,1,0,0,0,85,7,0,0,0,0,0,0,0,30,8,15,9,41,5,325,15,4,2,1,3,0,0,0,0,0,0,0,0,0,0,0,11,15,3,12,22,1,29,27,2,10
122,0,0,0,0,0,0,0,0,0,0,0,0,1,5,6,0,0,11,2,0,19,2,8,0,1,4,158,337,1083,189,277,146,73,196,0,0,30,13,23,235,26,16,7,2,31,7,0,0,0,0,297,58,8,43,9,19,51,92,212,26,20,8,158,23,7,11,2,0,0,4,42,2,28,5,12,8,9,6,17,1,17,9,8,14,14,11,101,22,2,18,40,17,65,10,113,39,63,131,14,47,0,0,0,0,0,0,0,0,0,0,0,1,7,0,12,14,0,1,8,4,4,53,1,1,0,0,1,0,0,0,0,0,0,312,4,0,0,0,0,0,0,0,8,21,12,4,36,14,210,4,12,5,4,0,0,0,0,0,0,0,0,0,0,0,0,19,9,6,53,29,18,52,156,9,13
123,0,0,0,0,0,0,0,0,0,0,0,2,0,0,0,0,0,0,0,0,8,0,7,0,0,3,36,47,281,862,137,135,59,71,0,0,7,2,13,6,7,22,29,4,4,35,0,0,0,0,31,9,3,7,29,5,30,3,9,43,2,9,48,32,1,6,5,0,0,2,0,4,157,7,15,9,17,15,22,2,5,0,2,4,6,8,15,6,2,11,13,4,9,5,25,3,17,11,4,14,0,0,0,0,0,0,0,0,0,0,0,10,0,0,1,3,0,4,1,1,7,4,10,0,0,0,0,0,1,0,0,0,0,143,1,0,0,0,0,0,0,0,12,4,2,3,20,1,71,4,9,1,4,2,0,0,0,0,0,0,0,0,0,0,0,17,41,4,34,10,7,2,81,3,10
124,0,0,0,0,0,0,0,0,0,0,0,1,14,10,1,0,0,0,0,0,7,2,11,1,0,11,92,41,217,266,1746,244,79,154,0,0,16,6,29,58,40,7,30,12,6,13,0,0,0,0,23,27,2,42,6,3,14,65,20,4,17,11,58,13,19,4,2,0,0,9,9,20,7,55,203,14,23,39,95,7,30,12,1,10,5,7,52,41,2,2,18,29,66,9,91,19,25,70,8,54,0,0,0,0,0,0,0,1,0,0,0,11,4,0,1,5,7,8,0,1,0,20,0,0,0,0,0,0,1,1,0,0,0,285,1,0,0,0,0,0,0,0,21,10,23,7,59,20,89,9,49,3,5,0,0,0,0,0,0,0,0,0,0,0,0,8,43,7,35,12,210,33,69,14,8
125,0,0,0,0,0,0,0,0,0,0,0,1,4,3,0,0,0,0,0,0,2,9,6,1,0,1,30,46,68,117,274,1109,164,59,0,0,10,4,5,14,13,10,10,4,7,3,0,0,0,0,10,3,5,3,7,4,18,9,5,0,8,2,12,13,3,4,2,0,0,4,3,4,9,9,9,6,4,10,5,51,27,5,23,1,18,73,101,18,32,0,12,9,32,37,47,38,15,26,3,9,0,0,0,0,0,0,0,1,0,0,0,2,5,0,0,6,1,2,3,2,0,3,0,2,1,0,0,1,0,1,1,2,0,33,0,0,0,0,0,0,0,0,18,17,11,26,145,15,76,6,213,12,3,0,10,0,0,0,0,0,0,0,0,0,0,31,5,3,1,6,33,4,7,10,8
126,0,0,0,0,0,0,0,0,0,0,0,0,0,3,0,0,0,15,0,0,11,4,11,0,0,3,13,35,63,113,169,127,1334,225,0,0,71,9,42,23,51,8,46,23,8,41,0,0,0,0,7,45,7,40,1,7,29,4,12,13,31,2,220,51,2,17,1,0,0,3,8,1,3,12,0,24,6,3,1,23,172,9,7,6,3,19,207,30,9,6,25,11,85,20,172,10,20,28,0,45,0,0,0,0,0,0,0,8,0,0,0,0,3,0,0,0,0,2,3,0,5,5,21,1,0,1,0,0,0,0,0,1,0,47,0,0,0,0,0,0,0,0,28,11,25,10,40,16,146,35,189,9,2,0,0,0,0,0,0,0,0,0,0,0,0,6,10,22,17,11,5,28,16,1,19
127,0,0,0,0,0,0,0,0,0,0,0,208,2,25,4,6,2,3,29,0,47,1,491,6,5,26,80,27,234,17,100,93,241,25014,0,0,246,125,145,1990,255,326,1820,119,89,169,0,0,0,0,146,33,34,253,15,27,38,159,136,38,312,50,136,47,306,29,1,1,0,7,132,12,31,35,13,20,110,222,112,321,1605,38,31,19,24,1141,1244,1286,20,66,1708,716,503,209,1411,214,178,251,149,230,0,0,27,0,0,2,0,6,0,0,7,18,40,0,15,163,34,18,20,22,22,271,2,5,1,6,9,1,1,2,1,3,0,2068,15,0,0,0,0,0,0,0,201,537,495,32,107,249,8626,205,543,93,23,3,4,0,0,0,0,0,0,0,0,0,0,164,156,234,205,165,221,130,482,82,65
128,0,0,0,0,0,0,0,0,0,0,0,0,0,0,0,0,0,0,0,0,0,0,0,0,0,0,0,0,0,0,0,0,0,0,0,0,0,0,0,0,0,0,0,0,0,0,0,0,0,0,0,0,0,0,0,0,0,0,0,0,0,0,0,0,0,0,0,0,0,0,0,0,0,0,0,0,0,0,0,0,2,0,0,0,0,2,0,0,0,0,0,0,0,0,0,0,0,0,0,0,0,0,0,0,0,0,0,0,0,0,0,0,0,0,0,0,0,0,0,0,0,0,0,0,0,0,0,0,0,0,0,0,0,0,0,0,0,0,0,0,0,0,0,0,0,0,0,0,0,0,0,0,0,0,0,0,0,0,0,0,0,0,0,0,0,0,0,0,0,0,0,0,0,0,0
129,0,0,0,0,0,0,0,0,0,0,0,0,0,0,0,0,0,0,0,0,0,0,0,0,0,0,0,0,0,0,0,0,0,0,0,34,0,0,0,0,0,0,0,0,0,0,0,0,0,0,0,0,0,0,0,0,0,0,0,0,0,0,0,0,0,0,0,0,0,0,0,0,0,0,0,0,0,0,0,0,0,0,0,0,0,0,0,0,0,0,0,0,0,0,0,0,2,5,0,1,0,0,0,0,0,0,0,0,0,0,0,0,0,0,0,0,0,0,0,0,0,0,0,0,0,0,0,0,0,0,0,0,0,0,0,0,0,0,0,0,0,0,1,0,0,0,0,0,0,0,0,0,0,0,0,0,0,0,0,0,0,0,0,0,0,0,2,0,1,0,5,3,0,0,0
59,0,0,0,0,0,0,0,0,0,0,0,2388,3917,12219,9618,257,1144,331,6215,0,89380,11389,1344,45,9,13347,19,41,42,5,30,14,51,275,0,0,7110025,200090,2851449,1438023,1040844,1518291,281334,547667,318108,1297105,0,0,0,0,74,38,19382,19,48,916,66,131,118731,103737,66766,66684,63,13,14389,25119,47,99,0,257,565,450,531,1388,415,101,363,344,384,72747,375026,73958,34041,120330,31103,108694,475693,629594,13078,32031,643579,605285,3359955,1083150,2535081,377794,1038118,1488984,644043,492032,0,0,0,0,0,0,0,32,0,0,11,1045,2259,0,9705,9852,4842,5278,7264,1944,1250,2062,59,67,115,166,54,76,129,130,679,358,0,56,4701,0,0,0,0,1,0,0,81198,111474,167506,742929,343085,144251,871767,387085,586612,53684,954,5,19,0,0,0,0,0,0,0,0,0,0,42380,168380,84552,215794,89664,72310,887458,200868,88098,88677
58,0,0,0,0,0,0,0,0,0,0,0,3603,2382,3470,25894,165,82,1626,189,0,8286,21680,552,6,8,12964,8,17,9,13,7,2,10,191,0,0,193496,3898252,1506026,627244,327346,382463,602893,207251,1258339,168269,0,0,0,0,35,27,3772,21,32,109,31,27,120131,6799,25886,21657,8,12,19153,16268,13,31,0,200,47,165,375,308,601,396,125,152,128,135381,91488,10107,17588,44424,27199,38754,140176,83259,150065,19737,809373,909027,1872204,1286795,340549,1020046,341665,801043,154770,148596,0,0,0,0,0,0,0,13,0,0,3,1052,1062,0,6806,3332,1573,2847,425,7537,766,1971,40,26,8,83,47,30,43,40,282,50,0,20,10353,0,0,0,0,0,0,0,151623,108906,670527,20468,91527,28770,418317,125354,69246,66551,1086,10,6,0,0,0,0,0,0,0,0,0,0,89312,30310,83701,139069,75342,98196,18703,696468,58979,25034
55,0,0,0,0,0,0,0,0,0,0,0,11942,1098,10392,16844,134,316,471,758,0,35102,18998,1127,15,19,9901,14,18,16,27,59,1,167,205,0,0,2315861,1210797,6686969,484702,900282,201556,563633,1458724,539163,1492936,0,0,0,0,113,26,16254,70,67,291,35,97,101026,41732,21925,52061,90,8,38308,14164,27,81,0,244,86,352,1337,1121,537,207,128,416,297,107983,231592,54964,8170,212093,7364,35999,489529,219086,27020,32059,2691274,282439,1944521,573734,1675176,398476,118588,1527492,29494,276413,0,0,0,0,0,0,1,24,0,0,4,896,2417,0,20228,3307,4462,2087,3216,2987,542,3646,83,15,34,122,146,179,69,227,620,124,0,39,8048,0,0,0,0,0,0,0,1420837,103684,263438,212765,134281,218929,636121,1292157,301955,72812,1183,23,36,0,0,0,0,0,0,0,0,0,0,60217,136416,58073,228906,36406,222273,253973,258572,205236,23322
54,0,0,0,0,0,0,0,0,0,0,0,6253,7095,27462,55847,623,861,1185,3767,0,113505,36105,2631,952,66,35505,33,18,210,9,52,8,15,1210,0,0,1226236,481038,422106,10120029,1233410,436568,740975,691039,285642,403417,0,0,0,0,309,87,15572,12,98,229,197,82,377824,85884,118909,162205,358,17,27954,52468,50,65,0,624,222,626,597,1157,1559,551,302,250,562,351121,930438,111260,47779,76044,98495,250229,1038574,935704,48177,39771,489219,789824,1039778,694374,582230,221252,792753,222591,158570,1184727,0,0,0,0,0,0,0,81,0,0,104,1650,1860,0,11142,14785,6701,7525,4448,3487,2289,3303,319,772,751,330,700,866,104,992,507,769,0,52,10177,0,0,0,0,0,0,0,150286,550948,1086634,835221,705864,313175,5315763,151393,792072,127817,1925,225,78,0,0,0,0,0,0,0,0,0,0,81395,154097,113443,178239,167496,128750,204390,858546,61257,129961
57,0,0,0,0,0,0,0,0,0,0,0,4514,2179,36937,9141,90,1984,312,1410,0,42109,65603,1633,105,14,8943,29,24,33,7,36,27,38,307,0,0,988254,338217,943279,1616243,7773826,264696,241024,1765553,1527451,1897599,0,0,0,0,54,139,21389,48,44,488,85,253,101836,33930,34501,182038,118,29,39005,27606,30,59,0,389,172,654,691,1708,747,93,361,91,1024,43017,499535,281549,9211,44652,35583,64358,498453,362129,15760,32531,2999530,1924242,3091162,328629,2096557,1214541,1316415,442800,78169,1465746,0,0,0,0,0,0,0,50,1,0,15,634,2434,0,7187,9133,15220,3277,2645,1667,1624,4218,66,63,39,166,72,223,84,116,250,128,0,184,10954,0,0,0,0,1,0,0,345250,268592,182266,145861,148231,1261942,901752,128315,317412,255566,1188,18,39,0,0,0,0,0,0,0,0,0,0,88208,206547,37075,215908,159113,246985,151477,160273,63300,82025
56,0,0,0,0,0,0,0,0,0,1,0,1506,7615,3117,11535,809,175,605,852,0,38407,21946,385,17,18,12830,47,13,23,5,37,7,17,295,0,0,1190006,357334,203109,518815,247146,3427617,628598,101305,589156,767297,0,0,0,0,6,18,8388,27,34,112,30,32,90333,25402,92972,20313,18,13,17795,17115,10,7,0,289,115,150,189,1097,477,155,76,296,335,85311,134283,19254,93128,13579,12225,160671,233743,202369,27410,12362,928980,899155,413023,756207,712561,526406,152538,107418,584720,209465,0,0,0,0,0,0,0,11,0,0,3,1043,498,0,2854,3171,2359,11802,2395,1823,989,2331,49,46,30,61,289,49,71,1086,108,397,0,21,6990,0,0,0,0,0,0,0,95507,491643,189974,149241,598325,52383,839284,33228,247494,82753,778,3,5,0,0,0,0,0,0,0,0,0,0,57597,66438,85684,60448,106257,102958,115216,238620,19981,25351
51,0,0,0,0,0,0,0,0,0,0,0,2535,4878,5424,32270,315,332,547,619,0,20560,18021,5883,40,28,17323,18,12,26,33,48,6,49,1555,0,0,265358,590411,446721,563705,209924,612016,7879702,169808,301344,136443,0,0,0,0,35,24,6274,5,38,1078,19,26,94752,23461,35044,32875,10,7,20004,14303,50,43,0,150,77,202,342,480,579,155,138,183,273,588129,1148028,45067,37480,36346,12768,364516,1368138,1306096,36633,13380,339907,147072,214789,628315,165110,130996,124299,220641,113653,304931,0,0,0,0,0,0,0,47,0,0,14,1666,1328,0,8466,4340,2754,2948,2227,3955,673,1764,41,58,28,281,95,61,34,124,442,82,0,29,6237,0,0,0,0,0,0,0,244854,229587,479538,163085,784840,109014,1277589,106160,615127,99111,1071,11,87,0,0,0,0,0,0,0,0,0,0,47477,51405,119497,63124,52928,96883,66759,310219,50746,31126
50,0,0,0,0,0,0,0,0,0,0,0,2218,618,43810,4296,71,296,362,747,0,13669,8256,915,16,20,3548,8,173,7,3,12,11,34,93,0,0,551087,201028,1265566,547071,1631960,94022,163079,5180270,426990,414004,0,0,0,0,26,142,7203,10,19,167,34,156,42786,21031,14083,52422,6,14,12643,8161,16,42,0,97,24,235,802,637,429,53,87,87,243,27588,1072937,39216,3725,76537,6841,23115,152533,107747,18633,33963,276402,81295,1312885,36110,206372,223429,395405,312744,24968,349157,0,0,0,0,0,0,0,43,0,0,9,280,2502,0,6054,5547,5279,1504,2013,1075,499,1089,17,11,15,36,14,174,62,74,236,70,0,16,6057,0,0,0,0,1,0,0,377458,174531,231044,441715,78700,633412,441293,1137458,169043,88025,517,13,14,0,0,0,0,0,0,0,0,0,0,48572,56488,13486,230823,24142,76987,109794,95764,48536,51353
53,0,0,0,0,0,0,0,0,0,0,0,4557,3169,8314,6762,255,175,997,594,0,10070,101225,715,15,3,7535,8,6,29,4,7,5,7,72,0,0,283578,1045093,517970,249475,1184636,465365,341839,531385,4290887,244630,0,0,0,0,43,54,4412,42,13,108,63,91,77118,10499,30058,50085,6,10,28893,13150,3,10,0,249,75,140,324,515,1978,148,72,122,273,51455,247196,28212,11412,31958,5033,59849,327508,221286,84089,16131,1167933,207029,807758,219263,173190,935699,25408,146923,100048,297893,0,0,2,0,0,0,0,11,0,0,8,995,1553,0,4790,1401,3903,3054,798,2799,436,2682,21,19,31,85,78,80,373,100,180,29,0,42,19438,0,0,0,0,0,0,0,689925,182539,772677,56622,165816,120472,437226,140436,196136,864043,978,38,57,0,0,1,0,0,0,0,0,0,0,146911,38424,41816,98031,35686,174342,35136,190066,37956,7830
52,0,0,0,0,0,0,0,0,0,0,0,3787,1875,3568,3651,106,803,98,1323,0,98522,4472,480,46,8,4082,26,33,12,62,40,5,65,373,0,0,1234129,154543,1171513,383941,1599052,592039,162493,439823,249379,4640185,0,0,0,0,54,72,23623,24,38,275,67,114,41158,31754,32324,42836,24,18,15708,13452,14,38,0,121,51,383,348,1538,410,29,209,103,200,22225,127870,112324,8742,20937,8969,42681,199995,146481,4355,12247,637514,519931,319025,56203,1328345,44780,102501,250645,164459,260945,0,0,0,0,0,0,0,16,0,0,5,278,933,0,5357,3467,4198,2836,2712,1161,802,1593,151,102,27,44,49,37,16,187,95,45,0,30,2205,0,0,0,0,1,0,0,624320,325001,97002,728161,106543,1457828,414964,178437,1046790,38320,422,5,37,0,0,0,0,0,0,0,0,0,0,14527,191746,16317,66612,65473,85874,197612,76862,50853,26906
147,0,0,0,0,0,0,0,0,0,0,0,0,0,0,0,0,0,0,0,0,0,0,0,0,0,0,0,0,0,0,0,0,0,0,0,0,0,0,0,0,0,0,0,0,0,0,0,0,0,0,0,0,0,0,0,0,0,0,0,0,0,0,0,0,0,0,0,0,0,0,0,0,0,0,0,0,0,0,0,0,0,9,0,0,0,0,0,0,0,0,0,0,0,0,0,0,0,0,0,0,0,0,0,0,0,0,0,0,0,0,0,0,0,0,0,0,0,0,0,0,0,0,0,0,0,0,0,0,0,0,0,0,0,0,0,0,0,0,0,0,0,0,0,0,0,0,0,1,0,0,0,0,0,0,0,6,0,0,0,0,0,0,0,0,4,0,0,0,0,0,0,0,0,0,0
195,0,0,0,0,0,0,0,0,0,0,0,0,0,0,0,0,0,0,0,0,0,0,0,0,0,0,0,0,0,0,0,0,0,0,0,0,0,0,0,0,0,0,0,0,0,0,0,0,0,0,0,0,0,0,0,0,0,0,0,0,0,0,0,0,0,0,0,0,0,0,0,0,0,0,0,0,0,0,0,0,0,0,0,0,0,0,0,0,0,0,0,0,0,0,0,0,0,0,0,0,0,0,0,0,0,0,0,0,0,0,0,0,0,0,0,0,0,0,0,0,0,0,0,0,0,0,0,0,1,0,0,0,0,0,0,0,0,0,0,0,0,0,0,0,0,0,0,0,0,0,0,0,0,0,0,0,0,0,0,0,0,0,0,0,0,0,0,0,0,0,0,0,0,0,0
193,0,0,0,0,0,0,0,0,0,0,0,1,0,0,0,0,0,0,0,0,0,0,0,0,0,0,0,0,0,0,0,0,0,0,0,0,0,0,0,0,0,0,0,0,0,0,0,0,0,0,0,0,0,0,0,0,0,0,0,0,0,0,0,0,0,0,0,0,0,0,0,0,0,0,0,0,0,0,0,0,0,0,0,0,0,0,0,0,0,0,0,0,0,0,0,0,0,0,0,0,0,0,0,0,0,0,0,0,0,0,0,0,0,0,0,0,0,0,0,0,0,0,0,0,0,0,0,0,0,0,0,0,0,0,0,0,0,0,0,0,0,0,0,0,0,0,0,0,0,0,0,0,0,0,0,0,0,0,0,0,0,0,0,0,0,0,0,0,0,0,0,0,0,0,0
192,0,0,0,0,0,0,0,0,0,0,0,0,0,0,0,0,0,0,0,0,2,0,0,0,0,0,0,0,0,0,0,0,0,0,0,0,0,0,0,0,0,0,0,0,0,0,0,0,0,0,0,0,0,0,0,0,0,0,0,0,0,0,0,0,0,0,0,0,0,0,0,0,0,0,0,0,0,0,0,0,0,0,0,0,0,0,0,0,0,0,0,0,0,0,0,0,0,0,0,0,0,0,0,0,0,0,0,0,0,0,0,0,0,0,0,0,0,0,0,0,0,0,0,0,0,0,0,0,0,0,0,0,0,0,0,0,0,0,0,0,0,0,0,0,0,0,0,0,0,0,0,0,0,0,0,0,0,0,0,0,0,0,0,0,0,0,0,0,0,0,0,0,0,0,0
115,0,0,0,0,0,0,0,0,0,0,0,3,0,1,45,1,0,0,0,0,14,13,34,3,0,12,143,61,218,24,67,6,9,303,0,0,130,40,70,46,65,31,38,19,23,42,0,0,0,0,6208,521,24,554,348,282,624,390,26,13,13,53,245,185,24,16,0,0,0,128,96,39,489,57,65,91,98,29,171,61,248,26,16,24,11,42,44,458,5,19,71,139,76,29,141,376,65,181,31,187,0,0,53,0,0,0,0,1,0,0,0,32,59,0,118,114,28,80,48,15,8,7,0,1,0,1,33,1,0,0,0,0,0,657,11,0,0,0,0,0,0,0,36,23,19,10,28,76,256,59,25,36,2,3,5,0,0,0,0,0,0,0,0,0,0,46,51,43,54,43,35,69,41,58,9
114,0,0,0,0,0,0,0,0,0,0,0,0,0,2,4,0,0,0,2,0,4,1,55,8,1,24,107,249,110,7,29,5,42,60,0,0,27,36,18,49,258,67,14,92,42,141,0,0,0,0,713,2745,37,433,190,271,586,456,8,13,18,18,133,368,13,6,7,1,0,64,140,147,69,54,35,117,268,58,81,15,117,77,21,27,2,56,99,109,10,12,33,10,92,22,207,71,112,50,29,217,0,0,0,0,0,0,0,0,0,0,2,41,40,0,24,77,40,76,119,31,12,9,1,1,1,2,0,0,0,0,0,3,0,247,8,0,0,0,0,0,0,0,5,9,20,19,37,103,360,13,21,11,1,4,3,0,0,0,0,0,0,0,0,0,0,32,39,11,29,25,75,119,216,20,78
88,0,0,0,0,0,0,0,0,0,0,0,765,628,980,619,19,153,64,119,0,6010,1364,194,2,3,46211,7,10,1,1,5,1,13,53,0,0,17797,3395,14870,16100,19844,7286,6822,6868,4417,21155,0,0,0,0,23,4,616272,9,15,48,29,228,25378,130272,36271,90543,4,10,161445,97427,4,5,0,122,30,497,605,18828,450,25,439,161,346,3047,17309,9808,1141,4602,1351,5263,23211,14514,1126,159934,19488,12293,16768,4683,65727,7323,9381,20408,9481,29588,0,0,0,0,0,0,0,1,0,0,1,718,2722,0,90345,61983,45749,24823,18405,4205,3910,9625,6,3,66,6,0,8,6,23,73,21,0,39,74086,0,0,0,0,0,0,0,8519,4467,6526,6000,9909,11715,46307,7115,20925,3490,61,1,15,0,0,0,0,0,0,0,0,0,0,12030,236696,5543,18533,11491,20388,18172,14804,82502,16053
116,0,0,0,0,0,0,0,0,0,0,0,10,2,1,1,1,0,0,0,0,1,8,13,6,0,2,49,194,47,14,42,0,29,408,0,0,11,52,17,36,26,23,6,8,22,10,0,0,0,0,613,432,9,2882,112,88,231,177,19,8,13,9,103,328,12,2,4,3,0,43,67,38,116,46,45,39,59,410,66,1,177,4,6,12,7,6,212,27,0,5,62,69,15,41,54,20,17,123,55,84,0,0,0,0,0,0,0,0,0,0,1,37,25,0,25,5,30,4,6,30,20,2,0,0,0,0,0,0,0,0,0,0,0,455,7,0,0,0,0,0,0,0,9,6,9,2,29,8,119,24,14,21,5,2,19,0,0,0,0,0,0,0,0,0,0,12,15,13,83,21,15,98,34,14,5
111,0,0,0,0,0,0,0,0,0,0,0,1,1,0,5,0,0,5,1,0,12,6,21,2,1,64,75,56,7,37,11,23,0,13,0,0,58,23,33,71,37,42,16,21,26,21,0,0,0,0,218,287,9,138,5556,1968,362,898,22,10,33,14,95,90,11,11,0,4,0,461,378,55,81,66,83,260,895,143,132,54,102,17,6,14,2,24,48,44,23,13,56,19,67,62,144,28,82,64,42,160,0,0,0,0,0,0,0,1,0,0,1,315,216,0,41,8,21,24,23,4,29,9,0,5,4,0,1,0,0,0,0,1,0,338,16,0,0,0,0,0,0,0,7,10,20,16,63,11,152,15,24,8,5,7,35,0,0,0,0,0,0,0,0,0,0,4,24,28,51,45,43,44,72,42,44
110,0,0,0,0,0,0,0,0,0,0,0,12,0,25,103,2,1,11,5,0,75,48,47,0,1,26,23,22,9,3,4,7,1,30,0,0,433,71,131,399,293,72,706,98,126,227,0,0,0,0,192,259,27,86,1473,14884,581,1001,156,52,100,168,42,46,63,59,6,2,0,2137,2923,117,427,162,210,1009,726,155,566,52,127,36,15,49,13,43,145,892,48,682,302,117,457,61,239,156,354,541,108,776,0,0,0,0,0,0,0,0,0,0,7,30,882,0,72,28,88,22,58,46,68,54,1,0,1,0,0,0,1,0,0,0,0,165,38,0,0,0,0,0,0,0,38,9,152,19,46,55,374,62,160,98,0,5,33,0,0,0,0,0,0,0,0,0,0,89,178,78,254,106,108,156,153,153,40
113,0,0,0,0,0,0,0,0,0,0,0,17,0,3,118,0,0,33,3,0,3,32,67,0,0,24,82,44,24,12,13,7,21,36,0,0,36,33,48,137,137,36,19,21,32,26,0,0,0,0,630,581,15,298,363,368,4498,1711,11,18,11,7,75,131,21,6,0,7,0,779,385,41,70,61,427,103,80,51,175,45,17,15,19,5,7,10,70,64,24,25,60,69,119,25,448,107,43,79,80,212,0,0,0,0,0,0,0,1,0,0,1,32,27,0,22,10,31,10,69,8,11,66,0,2,1,105,2,0,0,1,0,0,0,211,110,0,0,0,0,0,0,0,9,42,30,22,33,11,551,40,74,53,2,4,12,0,0,0,0,0,0,0,0,0,0,78,64,20,56,36,127,92,69,11,22
112,0,0,0,0,0,0,0,0,0,0,0,23,0,1,217,11,1,0,0,0,17,32,33,0,1,26,61,25,47,4,46,19,7,223,0,0,308,20,228,98,593,35,26,118,112,111,0,0,0,0,487,586,223,219,1213,1258,1497,12533,43,13,35,30,37,54,27,17,0,0,0,874,309,90,136,521,74,108,590,52,331,17,174,65,17,38,8,111,66,1363,17,51,129,132,792,25,458,59,329,192,35,551,0,0,0,0,0,0,0,2,0,0,1,15,271,0,47,40,46,9,27,17,22,28,1,1,0,0,0,0,0,0,0,0,0,225,13,0,0,0,0,0,0,0,54,64,42,9,2951,30,170,43,69,16,7,1,28,0,0,0,0,0,0,0,0,0,0,48,137,34,87,46,59,227,55,22,25
82,0,0,0,0,0,0,0,0,0,0,0,3809,2293,7849,23491,296,110,969,1605,0,31148,16152,533,27,32,95650,33,10,210,3,30,1,12,129,0,0,112388,108328,83536,414061,85094,89118,103882,35268,69590,35288,0,0,0,0,18,8,24724,24,25,58,25,11,3180418,93924,250294,278986,216,20,205407,113223,34,55,0,274,506,296,315,396,759,569,92,176,104,81969,156447,42422,17206,31398,14295,113147,292274,255434,35129,154731,168975,136215,252081,204719,219324,128318,83933,131756,70294,370770,0,0,0,0,0,0,0,348,0,0,17,1539,4259,0,24996,14623,5587,8067,2968,52558,1977,3192,63,108,171,54,87,195,336,108,609,41,0,32,45615,0,0,0,0,0,0,0,41007,31426,205643,27794,200193,36042,1106804,46833,147169,40805,1098,41,23,0,0,0,0,0,0,0,0,0,0,300913,124287,180290,197493,166493,96208,55740,784338,349280,161872
83,0,0,0,0,0,0,0,0,0,0,0,820,808,2169,1553,52,177,35,867,0,12827,2185,246,11,8,55237,20,5,22,28,4,4,6,61,0,0,101659,5352,37579,85277,31456,21898,24717,19828,10030,28537,0,0,0,0,16,12,114359,5,8,62,23,46,106023,1421937,204659,353060,4,4,212266,120317,3,4,0,177,34,440,437,1199,219,52,707,101,176,10556,46936,12578,4904,14710,6413,11261,54052,54207,1924,221068,25135,23976,62550,24042,69324,16055,41501,63760,32831,84892,0,0,1,0,0,0,0,1,0,0,5,607,1759,0,35632,30252,10249,12564,43883,2034,1910,2545,9,11,13,65,46,56,4,130,73,24,0,33,15786,0,0,0,0,0,0,0,8757,9485,23507,27443,31104,16108,129446,24937,45895,7334,140,1,8,0,0,0,0,0,0,0,0,0,0,52646,196092,66367,210012,35243,32264,385315,38456,390073,188306
80,0,0,0,0,0,0,0,0,0,0,0,2149,2881,1610,5891,328,138,251,404,0,15889,8332,413,3,10,45809,33,10,5,5,16,9,8,239,0,0,62619,24133,20691,124550,30786,93310,34989,13113,28797,29417,0,0,0,0,17,16,35464,14,37,40,14,97,236862,180148,1631667,242581,15,9,125648,84937,14,5,0,179,69,198,150,1890,430,100,117,944,376,25116,53412,17024,19681,8541,8907,41069,112706,79910,11544,29755,61172,69210,66964,85502,101872,60968,43007,44848,351640,135303,0,0,1,0,0,0,0,6,0,0,2,829,638,1,4357,6860,2789,60122,2027,3911,1727,1673,75,26,81,9,74,32,274,19,125,72,0,127,27657,0,0,0,0,0,0,0,14014,24054,52274,16138,106733,13847,342016,12022,59797,19312,307,3,9,0,0,0,0,0,0,0,0,0,0,317153,354452,242911,74990,154794,128249,160396,155143,155151,212242
81,0,0,0,0,0,0,0,0,0,0,0,1892,813,7201,2966,30,427,200,398,0,14417,14321,602,4,11,22793,13,22,13,4,8,3,30,57,0,0,64553,19321,48251,154864,170342,19166,36628,50146,46814,39630,0,0,0,0,89,23,91496,10,23,151,19,28,271852,373894,254269,2769962,4,2,341644,151094,7,10,0,216,38,381,380,1190,1059,187,271,136,2070,19261,100922,53682,3845,19372,9342,28070,112822,85044,6996,196861,99347,62928,134537,49633,142271,94269,79995,90195,25698,788283,0,0,29,0,0,0,0,22,0,0,5,325,1911,0,15777,33620,94203,3966,4138,2730,1230,3274,14,34,16,32,31,30,87,26,177,52,0,48,50004,0,0,0,0,0,0,0,29322,17161,81236,18295,100829,64889,322526,29081,71591,34647,292,5,23,0,0,1,0,0,0,0,0,0,0,527240,546554,67835,332794,177782,297124,88647,117328,562381,473510
86,0,0,0,0,0,0,0,0,0,0,0,905,151,4153,1338,25,98,155,483,0,7412,3780,260,3,1,68942,8,3,30,1,5,0,5,62,0,0,30851,16833,29413,39827,30458,11891,13664,31218,15483,11520,0,0,0,0,45,14,167075,3,5,382,11,28,185601,241821,35682,229739,6,22,230938,97136,7,3,0,143,23,511,541,1609,811,71,161,68,352,8543,44934,9993,2189,14312,1940,5007,41883,25186,8320,1053285,30110,11480,104365,18183,34108,33601,25643,43767,9036,58624,0,0,3,0,0,0,0,4,0,0,3,2335,27406,0,79828,58501,33078,6861,12040,11832,1398,5096,11,17,9,17,13,28,1,3,117,364,0,21,110268,0,0,0,0,0,0,0,9403,4664,20029,8957,21760,12512,88549,22078,25692,9501,116,3,5,0,0,0,0,0,0,0,0,0,0,105016,49199,13226,363563,12046,28380,31573,46577,140818,75876
118,0,0,0,0,0,0,0,0,0,0,0,4,0,2,7,0,0,4,0,0,3,2,27,1,18,5,230,126,97,77,25,34,26,73,0,0,20,7,6,23,22,14,6,10,9,10,0,0,0,0,160,300,3,235,125,115,167,70,14,8,18,2,290,1584,12,21,2,1,0,42,106,12,20,15,16,358,26,44,22,28,9,6,12,10,0,9,43,6,6,17,18,15,19,14,250,28,17,25,10,71,0,0,0,0,0,0,0,4,0,0,1,30,11,0,5,2,12,9,4,23,3,9,0,0,0,0,0,0,0,0,0,0,0,521,8,0,0,0,0,0,0,0,2,9,6,1,19,4,34,13,16,10,1,2,28,0,0,0,0,0,0,0,0,0,0,4,15,25,19,38,10,40,35,3,10
84,0,0,0,0,0,0,0,0,0,0,0,2543,565,1874,2007,47,137,166,178,0,2903,11109,312,2,2,96578,20,8,9,4,4,5,3,390,0,0,15401,17532,34948,31428,35266,16592,20727,12183,26534,15587,0,0,0,0,18,15,143790,25,15,54,32,38,193138,205063,141790,379229,6,10,1325790,60399,6,3,0,672,20,154,502,898,2165,84,69,143,291,9822,26996,11720,5592,9680,1387,5648,60516,20070,6377,243234,115633,8419,34020,28022,49643,47384,10524,55211,20887,65308,0,0,0,0,0,0,0,3,0,0,1,1897,2059,0,46660,11777,22179,11899,3116,5235,1011,46904,14,4,12,58,42,10,59,3,77,15,0,210,91572,0,0,0,0,0,0,0,38328,5634,19035,4105,21634,15913,78207,16580,20942,23784,152,10,12,0,0,0,0,0,0,0,0,0,0,152443,170562,84613,60344,11040,455300,18273,35735,319226,35719
85,0,0,0,0,0,0,0,0,0,0,0,814,1840,924,4233,65,111,92,193,0,4363,2624,128,76,10,67917,33,25,9,18,7,2,33,18,0,0,23274,13660,12511,52531,23669,16216,14246,6175,11404,12337,0,0,0,0,12,27,82542,2,7,17,15,19,142835,117793,103483,169292,2,13,56037,833967,0,0,0,191,155,337,180,703,1155,88,68,144,153,27717,29804,9995,4063,5035,5534,19985,35212,37352,4084,95576,17137,57025,34192,27420,45403,18931,24829,15452,20884,58211,0,0,6,0,0,0,0,1,0,0,5,1386,742,0,8458,37163,11624,17363,2233,7859,19295,1487,14,3,92,7,7,9,8,7,5,37,0,14,37203,0,0,0,0,0,0,0,3928,16298,21696,5895,26050,17499,114168,6736,35718,4953,74,0,28,0,0,0,0,0,0,0,0,0,0,47949,81148,22079,17706,198617,10844,16780,45864,31555,64093
138,0,0,0,0,0,1,0,0,0,0,0,0,0,0,0,0,0,0,0,0,0,0,0,0,0,0,0,0,0,0,0,0,0,0,0,0,0,0,0,0,0,0,0,0,0,0,0,0,0,0,0,0,0,0,0,0,0,0,0,0,0,0,0,0,0,0,0,0,0,0,0,0,0,0,0,0,0,0,0,0,0,0,0,0,0,0,1,0,0,0,0,0,0,0,0,0,0,0,0,0,0,0,0,0,0,0,0,0,0,0,0,0,0,0,0,0,0,0,0,0,0,0,0,0,0,0,0,0,0,0,0,0,0,0,0,0,0,0,0,0,0,0,0,0,0,0,0,0,0,0,0,0,0,0,0,0,0,0,0,0,0,0,0,0,0,0,0,0,0,0,0,0,0,0,0
3,0,0,0,0,0,0,0,0,0,0,0,0,3,1,4,2,0,0,2,0,2,3,128,114,53,8,0,3,5,5,2,1,3,15,0,0,40,22,35,69,24,15,37,16,12,14,1,0,0,0,2,0,7,0,2,3,1,3,24,8,14,2,0,1,6,0,1956,43,0,2,0,2,1,4,0,1,0,4,1,6,45,10,4,0,3,5,139,67,8,7,34,25,21,34,148,30,11,33,18,16,0,0,0,0,0,0,0,341,0,0,109,1,3,0,6,20,0,1,2,2,10,2,8,9,11,2,4,2,2,4,1,1,0,0,2,0,0,0,0,0,0,0,28,31,45,22,64,374,116,6,64,10,170,105,45,0,0,0,0,0,0,0,0,0,0,12,9,25,11,4,21,20,23,22,6
7,0,0,0,0,0,0,0,0,0,0,0,22,1,17,0,4,27,6,7,0,5,7,190,220,123,2,0,1,1,0,0,0,1,2,0,0,184,30,74,80,72,6,40,70,17,62,0,0,0,0,0,0,15,2,1,2,3,0,24,4,12,20,1,2,1,1,55,4085,0,0,1,1,0,4,0,1,1,0,0,27,85,54,1,86,6,18,128,71,16,5,18,12,185,42,200,32,14,105,14,33,0,0,0,0,0,0,0,250,0,0,138,2,1,0,2,4,2,0,3,0,0,0,229,49,10,45,14,439,26,29,138,8,0,0,2,0,0,0,0,0,0,0,31,17,96,39,66,23,222,140,55,18,66,228,133,0,0,0,0,0,0,0,0,0,0,29,124,23,113,18,22,92,44,39,25
247,0,0,0,0,0,0,0,0,0,0,0,0,0,0,0,0,0,0,0,0,0,0,0,0,0,0,0,0,0,0,0,0,0,0,0,0,0,0,0,0,0,0,0,0,0,0,0,0,0,0,0,0,0,0,0,0,0,0,0,0,0,0,0,0,0,0,0,0,1,0,0,0,0,0,0,0,0,0,0,0,0,0,0,0,0,0,0,0,0,0,0,0,0,0,0,0,0,0,0,0,0,0,0,0,0,0,0,0,0,0,0,0,0,0,0,0,0,0,0,0,0,0,0,0,0,0,0,0,0,0,0,0,0,0,0,0,0,0,0,0,0,0,0,0,0,0,0,0,0,0,0,0,0,0,0,0,0,0,0,0,0,0,0,0,0,1,0,0,0,0,0,0,0,0,0
108,0,0,0,0,0,0,0,1,0,0,0,255,10,11,633,2,0,2,4,0,58,117,34,4,0,74,460,9,8,5,8,1,5,19,0,0,307,132,264,687,335,145,104,78,348,100,0,0,0,0,120,74,141,63,531,1565,786,839,493,141,216,124,39,27,1310,557,2,2,0,27173,1948,164,1204,912,657,1310,5388,722,1884,131,335,446,151,122,51,149,696,260,203,95,626,348,340,993,470,353,202,685,615,635,0,0,0,0,0,0,0,1,0,0,0,348,223,0,318,440,162,245,111,76,56,1923,0,0,4,8,0,3,2,2,5,0,0,78,82,0,0,0,0,0,0,0,514,156,142,39,155,128,2258,77,205,259,0,4,4,0,0,0,0,0,0,0,0,0,0,159,214,165,182,448,713,374,783,111,74
109,0,0,0,0,0,0,0,0,0,0,0,1,2,20,201,66,0,0,2,0,35,54,26,2,0,41,20,42,34,32,8,1,3,147,0,0,177,70,127,169,285,154,64,60,62,55,0,0,0,0,80,204,38,99,484,2139,191,734,365,33,53,27,30,78,132,389,8,0,0,2379,12714,220,117,208,468,551,1613,491,445,47,240,68,99,46,11,36,153,182,47,24,190,158,560,357,353,222,184,484,357,560,0,0,0,0,0,0,0,0,0,0,0,53,601,0,258,49,62,192,87,43,535,63,2,2,1,0,6,1,0,0,2,1,0,150,34,0,0,0,0,0,0,0,18,27,236,68,121,33,1132,16,188,67,1,0,0,0,0,0,0,0,0,0,0,0,0,74,63,50,166,95,380,189,684,145,46
102,0,0,0,0,0,0,0,0,0,0,0,5,4,45,32,0,0,0,7,0,144,97,95,1,0,366,10,13,1,2,16,7,1,21,0,0,473,166,207,686,363,120,246,289,109,326,0,0,0,0,29,104,397,39,50,147,38,80,346,458,313,435,11,16,136,350,0,0,0,263,464,21902,4486,8215,3217,521,606,1985,1663,179,791,232,63,124,182,154,353,351,120,444,434,236,684,243,475,193,1294,480,216,751,0,0,1,0,0,0,0,0,0,0,0,2519,3488,0,580,7693,1691,457,1639,658,2702,686,0,2,0,1,2,0,0,0,1,0,0,78,287,0,0,0,0,0,0,0,108,194,235,212,331,336,1517,237,516,184,4,0,7,0,0,0,0,0,0,0,0,0,0,98,346,210,497,378,132,415,344,274,2062
103,0,0,0,0,0,0,0,0,0,0,0,85,14,152,46,1,11,26,12,0,62,134,31,3,3,380,75,42,41,71,10,4,4,34,0,0,626,280,1102,418,746,156,338,810,331,390,0,0,0,0,446,76,533,79,94,323,87,189,598,512,229,417,10,17,417,394,3,1,0,1279,137,5053,36398,5643,7021,1138,2007,2329,6842,328,846,344,71,541,36,91,896,690,126,525,751,200,1084,383,864,472,432,2575,121,1014,0,0,0,0,0,0,0,2,0,0,2,2723,5495,0,8898,274,945,336,1688,2012,1081,2618,1,1,3,1,1,2,1,2,2,1,0,36,528,0,0,0,0,0,0,0,392,155,314,142,303,241,1943,738,682,280,6,2,17,0,0,0,0,0,0,0,0,0,0,404,1011,318,737,212,535,484,617,3244,276
100,0,0,0,0,0,0,0,0,0,0,0,41,10,56,76,9,12,1,9,0,717,148,515,6,1,850,42,9,3,12,62,4,3,39,0,0,1527,247,979,923,1341,708,628,661,465,1532,0,0,0,0,93,56,19550,95,62,151,91,464,582,1122,2043,1053,8,15,985,658,3,3,0,562,235,7518,6112,57764,7363,396,989,975,3613,390,1591,785,168,358,162,461,1538,1302,226,2138,1354,1129,1289,428,3376,507,705,1712,905,1978,0,0,1,0,0,0,0,1,0,0,5,6296,14556,0,4985,1140,4536,2834,8217,1899,5854,10396,0,15,1,1,0,1,0,2,2,4,0,49,1324,0,0,0,0,0,0,0,564,635,665,479,836,950,3278,632,2805,434,4,4,1,0,0,0,0,0,0,0,0,0,0,439,6301,414,921,872,1099,1253,2609,1247,441
101,0,0,0,0,0,0,0,0,0,0,0,36,23,30,235,2,2,31,13,0,74,609,121,12,2,1570,29,37,15,45,196,6,2,14,0,0,466,551,487,1217,791,494,670,511,1523,278,0,0,0,0,78,21,517,89,75,133,337,234,2026,265,492,1211,19,55,2858,1471,2,1,0,583,189,2407,6690,7748,38544,1167,650,2192,3193,478,989,338,125,258,381,353,1228,543,408,701,1152,534,1121,652,722,2242,248,637,508,1392,0,0,0,0,0,0,0,0,0,0,5,6453,5957,0,1084,522,2981,2205,1771,2081,2157,6038,0,10,0,1,0,1,9,0,2,1,0,63,16480,0,0,0,0,0,0,0,512,281,1041,115,792,439,1529,341,1077,1435,2,11,11,0,0,0,0,0,0,0,0,0,0,4106,599,507,740,266,978,273,1599,574,828
106,0,0,0,0,0,0,0,0,0,0,0,18,3,11,184,0,4,32,15,0,112,48,17,0,0,100,37,9,5,4,15,4,6,18,0,0,114,181,203,410,95,144,144,82,212,29,0,0,0,0,63,56,24,45,769,688,65,99,928,67,226,154,47,357,60,102,0,1,0,1134,384,595,1808,340,1096,10348,2504,1801,2376,238,159,50,70,151,17,27,327,173,238,105,188,262,168,178,271,222,120,164,172,515,0,0,0,0,0,0,0,1,0,0,0,478,754,0,170,117,158,191,79,2842,210,862,2,0,3,0,12,2,2,4,3,0,0,52,182,0,0,0,0,0,0,0,36,43,161,39,105,40,624,141,218,66,6,0,3,0,0,0,0,0,0,0,0,0,0,85,99,107,253,109,125,78,592,143,75
107,0,0,0,0,0,0,0,0,0,0,0,153,6,15,55,2,1,0,4,0,92,24,185,0,1,58,27,7,12,6,17,0,29,117,0,0,271,147,191,832,206,157,100,94,87,266,0,0,0,0,185,213,467,63,272,1657,139,526,174,832,99,372,90,23,103,77,1,0,0,5488,2268,710,2034,1166,552,2886,19073,755,2650,60,698,881,54,99,20,204,383,487,79,192,207,225,230,1122,475,374,154,404,453,350,0,0,0,0,0,0,0,0,0,0,1,177,1025,0,198,114,241,59,2019,55,328,272,1,3,2,2,0,0,0,8,1,1,0,54,67,0,0,0,0,0,0,0,73,36,585,117,96,214,918,245,322,130,0,2,2,0,0,0,0,0,0,0,0,0,0,84,241,150,186,161,540,444,3175,204,100
104,0,0,0,0,0,0,0,0,0,0,0,7,9,4,63,4,2,14,1,0,67,69,56,1,1,270,33,12,12,10,45,4,1,199,0,0,506,146,201,345,102,366,161,98,240,74,0,0,0,0,43,114,140,359,114,133,68,49,281,108,1457,161,20,30,111,158,0,2,0,462,204,2531,3257,1205,1448,1832,609,20997,3144,270,364,74,102,51,74,154,580,235,57,63,161,233,304,251,246,264,142,481,739,385,0,0,0,0,0,0,0,0,0,0,0,1642,254,0,159,178,161,3840,390,311,858,465,1,1,0,1,1,0,0,0,0,0,0,142,232,0,0,0,0,0,0,0,74,137,232,39,252,85,689,400,328,202,4,0,5,0,0,0,0,0,0,0,0,0,0,136,176,238,89,186,220,193,342,290,143
105,0,0,0,0,0,0,0,0,0,0,0,17,21,58,29,0,27,15,4,0,185,190,26,1,3,100,14,23,16,23,93,2,3,120,0,0,506,128,294,567,867,290,197,155,206,202,0,0,0,0,110,135,335,48,102,724,68,290,158,236,312,2240,15,20,210,210,1,1,0,2403,424,2301,5790,3956,4001,1885,2812,2713,25259,173,565,389,142,174,59,251,660,585,69,299,608,291,610,224,678,343,214,336,746,1570,0,0,1,0,0,0,0,0,0,0,11,273,2207,0,358,217,7272,155,264,243,1021,1472,0,1,1,1,8,13,0,2,2,1,0,150,244,0,0,0,0,0,0,0,103,115,262,88,123,358,1254,315,559,144,0,2,3,0,0,0,0,0,0,0,0,0,0,170,319,109,316,273,383,235,363,209,178
39,0,0,0,0,0,0,0,0,0,0,0,2202,3763,6748,138217,238,569,1702,943,0,60933,24845,1787,30,24,15698,14,163,6,6,5,32,19,1322,0,0,74544,128928,101796,378113,44742,86251,502970,32288,57199,23184,0,0,0,0,45,8,3114,9,48,89,19,22,99159,11431,28742,21513,3,26,11342,34676,18,12,0,120,69,247,363,374,757,157,85,261,162,3545100,758214,38022,80969,29291,13525,227709,555028,377728,155221,10404,95852,70184,110018,221126,77194,83142,64218,123164,59703,166463,0,0,0,0,0,0,0,265,0,0,23,1240,581,0,4191,3561,1852,2809,1430,2619,685,1588,18,171,39,36,270,55,58,791,914,76,0,28,4623,0,0,1,0,0,0,0,40578,42291,396966,29529,293533,39894,913697,75379,393438,157991,804,12,40,0,0,0,0,0,0,0,1,0,0,34297,25996,71964,31840,37485,48935,30653,210260,32223,18417
38,0,0,0,0,0,0,0,0,0,0,0,9660,4946,188239,33715,231,1623,1594,1462,0,145692,46824,2549,82,63,16010,13,81,48,23,14,11,168,2277,2,0,391892,93833,247391,969543,500354,130988,1120806,955101,244802,142908,0,0,0,0,52,134,18617,236,40,159,46,116,176647,52311,55616,118887,579,6,30942,34256,109,100,0,248,254,896,979,1659,2182,429,648,452,819,580967,13230524,411506,34729,257038,46728,387729,2706959,1908044,112408,49860,259322,145990,660103,185194,330241,255239,279590,272710,89105,727948,0,0,2,0,0,0,0,78,0,0,16,2322,3565,0,12959,10495,10724,4925,3984,5000,1764,4486,97,209,273,185,260,798,151,1023,455,232,0,77,13096,0,0,0,3,0,0,0,153813,254248,1002192,129836,895675,638074,5500962,482231,981698,311958,1558,57,67,0,0,0,0,0,0,3,0,0,0,90265,125029,68041,244035,80837,139923,148476,416250,78834,78269
33,0,0,0,0,0,0,0,8,0,0,0,4757,5269,38188,12423,939,28078,528,2188,0,171811,67782,473,33,14,2823,5,103,13,6,12,7,8,126,0,0,79333,10748,55371,134541,280407,21523,48598,44892,29427,117749,0,0,0,0,26,42,10840,6,3,80,32,113,53940,14915,19283,58314,17,7,12140,12030,23,55,0,416,113,206,316,946,291,50,332,188,456,33988,399111,4579556,93272,295311,70300,79241,286479,327745,97400,10997,115241,117268,120504,30517,248465,47202,66094,72084,19001,273954,0,0,0,0,0,0,0,40,0,0,7,146,895,0,3002,2908,6242,1019,1399,554,783,1537,45,38,52,119,421,445,118,477,290,87,0,22,2334,0,0,0,0,0,0,0,26423,27378,85700,29468,88890,609375,431186,54730,282917,38190,884,11,142,0,9,0,0,0,0,0,0,0,0,19255,84048,11154,56165,60879,65429,49541,71659,24054,21039
32,0,0,0,0,0,0,0,0,8,0,0,2926,9130,6662,40709,7784,264,644,577,0,50457,40484,222,34,19,4609,40,10,12,0,2,27,1,24,0,0,34491,19017,9226,58507,9505,84790,42654,4422,11634,9425,0,0,0,0,15,13,1391,25,23,50,35,23,20992,5558,21565,4879,20,13,5894,5315,79,7,0,85,22,73,80,149,121,78,95,206,161,79787,32870,62628,1619042,73549,79451,95281,77947,74523,78550,2196,52303,32822,18381,78963,27627,27302,22299,14980,75522,29731,0,0,0,0,0,0,0,1,0,0,3,423,147,0,779,996,364,2807,526,784,456,635,25,166,33,801,98,9,131,201,738,29,0,1,1642,0,0,0,0,0,0,0,9628,13556,36012,7358,254390,8728,138258,10915,34593,15595,373,8,19,10,0,0,0,0,0,0,0,0,0,12725,12085,31530,7363,20162,28800,21069,45956,4840,7804
31,0,1,0,0,0,0,0,0,0,0,0,20660,2739,60403,25794,190,1270,826,1770,0,116488,159073,400,18,4,3083,7,29,4,0,2,0,7,119,0,0,124750,42590,207599,103480,47751,15613,40206,81894,31792,21595,0,0,0,0,18,41,5344,2,21,62,11,62,39237,15780,11571,22544,3,11,11057,6457,7,61,0,122,30,133,693,416,272,133,112,131,163,28875,274714,251658,57102,3595645,92108,26408,404887,146405,79589,16131,87321,19316,205124,32905,86874,58028,22679,213596,10890,108362,0,0,0,0,2,0,0,49,0,0,7,139,1071,0,7424,1632,1942,748,1345,1024,187,1348,80,8,30,391,61,106,96,415,8498,66,0,11,3222,0,0,0,0,0,0,0,35548,10932,63517,19173,72797,32446,299629,559849,79548,34662,825,3,23,0,0,0,0,0,0,0,0,0,0,24148,35126,13569,88948,12226,54901,78675,88857,55625,7851
30,0,0,4,0,0,0,0,0,0,0,0,2812,11509,15280,30757,196,301,243,3852,0,115202,58523,170,261,19,2278,16,45,13,3,11,4,5,18,0,0,33390,25121,8316,103700,35489,13004,15590,7665,6018,10112,0,0,0,0,5,7,1791,8,5,6,18,2,19184,7943,8777,10094,47,3,1574,6380,2,15,0,74,31,156,48,157,396,55,35,21,41,14366,48088,52688,64553,67860,1481082,61323,49247,139051,17207,2209,11224,61608,25102,21215,33282,9141,78850,9873,19071,50190,0,0,0,0,0,0,0,9,0,0,5,183,233,0,536,2779,885,1278,485,723,496,257,34,15,17,232,20,13,151,391,381,2809,0,8,708,0,0,0,0,0,0,0,4210,26538,23880,11338,28599,8661,300934,9145,37812,8786,410,5,3,0,0,6,0,0,0,0,0,0,0,4712,14161,10586,11322,33535,5963,22445,42183,3273,22376
37,0,0,0,0,0,0,0,0,1,5,0,2055,61308,5349,16992,398,769,468,958,0,31913,13497,1476,21,5,5641,8,41,18,4,40,64,10,1391,2,0,114475,40840,39752,236844,67806,133884,330290,27248,58903,40318,0,0,0,0,33,43,6105,9,24,48,58,45,114159,11984,42360,31496,15,16,6956,22617,8,19,0,191,45,146,124,458,254,39,147,213,223,181571,305911,109436,94777,29010,57695,3372199,411912,483841,62820,5987,80548,170549,133130,107012,156187,95381,71004,54744,95778,274964,0,0,0,0,0,0,0,17,0,0,17,409,467,0,2033,3313,1997,2853,1025,1742,1290,631,174,8,250,75,130,15,35,89,430,63,0,10,4980,5,0,0,0,0,0,0,28368,302132,144519,29942,386458,48446,2175579,37075,187968,51071,926,2,33,0,0,0,0,0,0,0,0,0,0,34360,49506,44751,32433,88857,31287,44822,213240,14896,22378
36,0,0,0,0,0,0,0,0,0,0,1,132021,12843,48882,98642,1915,2341,2958,4937,0,189215,206236,5125,100,301,36141,93,102,140,18,86,125,310,1672,0,0,494082,148527,512232,1149716,512851,265132,1341681,185185,338091,211604,0,0,0,0,82,107,27955,132,48,230,88,79,337677,63448,120203,127372,24,44,68815,40367,118,130,0,1246,153,759,1506,2612,1759,455,481,565,758,452812,2283112,403176,110877,463580,74799,384180,15069621,962912,286527,50876,655569,222898,487330,364987,659408,298434,174631,470531,145097,927974,0,0,0,0,0,0,0,141,0,0,38,1487,3224,0,19605,11822,9804,9519,4550,6999,1491,8703,210,489,212,1170,434,834,325,1006,1061,587,0,45,17681,0,1,0,0,0,0,0,971823,591062,1594179,163257,1426964,280602,7595196,655076,1290205,534217,4246,258,536,0,0,0,0,0,0,0,0,0,0,132615,227669,136939,209396,115371,326338,161426,691971,137435,60481
35,0,0,0,0,0,6,0,0,0,0,0,14629,13835,39777,150083,1003,2531,2647,40018,0,249600,88615,6069,36,38,28921,45,159,27,9,54,19,46,1175,0,0,644901,102760,251226,1052697,393522,219336,1236548,135551,230887,169821,0,0,0,0,585,109,21383,42,95,601,145,3542,326478,72190,102131,122464,386,33,30858,48082,67,61,0,442,498,635,1082,1577,749,204,592,456,771,298620,1653142,468825,129610,257572,164304,469427,823228,8796864,178734,38871,267591,213623,474133,345211,482996,200158,278870,266927,145203,911569,0,0,0,0,0,0,0,289,0,0,8,2173,2459,0,11881,12729,7912,7851,7044,5464,1724,3885,343,156,167,103,855,1028,206,732,937,499,0,193,11939,0,0,0,0,0,0,0,134586,394948,1034549,466350,804510,226053,7288698,222855,1061465,248510,1160,41,268,0,0,0,0,0,0,0,0,0,7,89353,163025,107382,177557,136391,135210,235352,676523,76669,83749
34,0,0,0,0,0,0,1,0,0,0,0,5124,1987,4450,28223,575,704,29120,552,0,15033,113502,165,33,8,4212,29,2,2,1,5,38,22,21,0,0,14486,145079,28299,61824,18122,26105,44302,19815,87943,4223,0,0,0,0,7,9,1211,3,49,55,33,26,41281,2455,12525,8743,1,6,7523,4614,10,3,0,233,133,66,334,202,468,251,68,119,80,138617,89149,111137,98109,109492,21281,48974,227915,103157,2471423,8488,46515,38460,108875,52923,22449,128095,15663,46825,25514,44015,0,0,0,0,0,0,0,6,0,0,4,255,612,0,2754,760,656,1370,264,2935,278,897,28,61,40,54,137,236,63,13,440,150,0,4,5505,0,0,0,0,0,0,0,24024,13449,453362,7285,50786,15452,182801,28376,47630,151338,546,2,126,0,0,0,0,0,0,0,0,1,0,42499,9294,23397,47548,20817,31962,5199,133441,14972,5670
60,0,0,0,0,0,0,0,0,0,0,0,18031,2134,12094,14279,430,736,1263,642,1,29784,101069,2789,27,30,22551,33,25,23,3,19,17,20,2036,0,1,647292,829428,3181339,586861,3714414,1153318,340966,260094,1169568,640386,0,0,0,0,48,44,21757,92,39,374,63,87,186938,27627,67552,100661,40,22,120040,18711,49,25,0,738,213,322,737,1405,1243,385,172,278,459,91274,244222,110997,49285,80392,9487,84702,626427,223555,40990,34139,8234242,331603,1636576,1732759,3917860,2486748,364259,1755001,494163,1429714,0,0,0,0,0,0,0,53,0,0,22,1669,1907,0,14890,4123,7439,4850,2730,3246,804,10152,48,26,81,209,124,234,221,109,338,107,0,63,17837,0,0,0,0,0,0,0,1110639,45120,211105,44362,295531,242866,1009114,184284,223833,287335,1846,57,179,0,0,0,0,0,0,0,0,0,0,144388,222711,131390,179089,62089,1083300,141445,479223,136650,27544
61,0,0,0,0,0,0,0,0,0,0,0,1008,12223,4283,11766,451,664,1139,1153,0,27090,11519,1500,25,61,14879,20,52,16,4,13,7,14,931,0,0,647983,1149430,312065,842064,2392547,1073092,151093,68714,202026,512529,0,0,0,0,73,74,12152,71,45,295,28,98,143202,24932,71719,66939,65,18,9019,58703,42,17,0,214,193,399,219,1212,648,196,203,266,338,72700,135504,116002,28742,17337,59136,174028,193447,185429,36736,13215,338690,4413829,561036,557138,2344366,928759,1068013,279604,564302,896911,0,0,0,0,0,0,0,28,0,1,59,872,431,0,3278,8776,4590,5873,2298,2732,3632,1208,1940,70,380,215,259,256,54,140,98,86,0,51,7945,0,0,0,0,0,0,0,27347,444471,182570,64494,180376,289415,833987,38118,167373,42774,854,78,130,0,0,0,0,0,0,0,0,0,0,66028,134010,70137,53835,514464,55054,143472,509078,26012,63612
62,0,0,0,0,0,0,0,0,0,0,0,6541,1943,51623,13539,635,643,1666,1894,0,50081,33121,2513,30,96,14868,17,188,31,15,50,11,38,549,0,3,4108367,2357856,1943824,1074258,3705372,472986,248450,1307120,746665,289533,0,1,1,2,134,177,17347,18,36,381,170,374,251052,63749,62785,141092,43,23,35768,30447,14,111,0,263,483,546,1176,1389,1013,188,393,203,426,95723,615089,104804,16178,186961,22739,137543,421556,377899,100642,108529,1691506,569460,10147464,597621,1855285,2818041,2826677,2967723,280311,1899839,0,0,0,0,0,0,0,99,0,0,11,935,5555,0,15767,11554,10322,5809,5271,5112,957,3309,93,49,93,212,217,541,142,422,875,247,0,73,17692,0,0,0,0,0,0,0,154114,51396,438895,203455,273647,228994,1584895,428258,309055,112460,2111,18,68,0,0,0,0,0,0,0,0,0,0,167909,179241,79386,1134114,128527,328488,998184,1054915,158987,136096
63,0,0,0,0,0,0,0,0,0,0,0,6017,3579,4266,37780,462,169,1087,1270,0,20867,25589,1678,20,41,52786,21,23,25,4,16,6,12,280,0,0,1337906,1559438,550418,710748,355683,774278,684561,35001,194972,49764,0,0,0,0,24,34,5140,67,55,116,28,23,202208,25129,81974,49447,13,35,29848,26741,23,21,0,970,785,249,363,488,782,254,1154,262,214,215721,169552,26327,71836,29405,19087,106458,321835,270573,45373,20778,2112435,597507,584654,5366521,470184,831640,1073699,1429634,918539,558844,0,0,0,0,0,0,0,50,0,0,30,2830,610,0,8768,6506,2457,7703,2435,4943,929,3391,63,104,78,79,218,149,77,124,186,47,0,49,8466,0,0,0,0,0,0,0,144283,61535,250474,142817,292038,50976,1175848,57971,140151,91839,1554,48,139,0,0,0,0,0,0,0,0,0,0,75725,57189,498510,86220,131975,445112,305819,899598,74704,56986
64,0,0,0,0,0,0,0,0,0,0,0,10012,5400,14295,9137,185,1645,406,1891,0,120686,20326,3895,69,233,19968,121,144,272,19,98,53,189,1268,0,4,3028921,377236,1574768,619585,2066083,708858,185895,185467,153887,1214847,0,0,0,0,260,193,64114,47,74,229,449,399,214901,70191,100199,141827,122,273,50043,45539,84,137,0,534,472,416,982,3670,1106,234,685,346,645,69423,287928,218558,23331,76576,29489,140821,583342,371546,18724,33763,4762629,2903164,1903648,502649,9940581,787349,1039418,3145502,1345577,2467685,0,0,0,0,0,0,0,123,0,0,41,827,2000,0,14845,7653,10431,7014,5994,2203,1951,4606,147,347,323,236,233,302,84,279,218,105,0,138,8051,0,0,0,0,1,0,0,433657,139992,251881,173701,256708,441192,1406116,173363,572215,80162,2203,75,253,0,0,0,0,0,0,0,0,0,0,68655,912017,77779,278443,512975,890264,1020040,512605,150205,71891
65,0,0,0,0,0,0,0,0,0,0,0,6543,5365,13687,14013,242,234,1814,430,0,22096,112064,1517,14,29,14600,51,21,20,3,15,142,9,238,0,0,422596,982861,339114,233656,1142738,490859,133213,215815,884412,40726,0,0,0,0,341,66,7401,43,43,165,103,58,127213,16721,62343,94104,23,26,51881,20151,12,37,0,531,378,279,449,597,2416,254,484,308,371,70885,225852,40102,23624,50849,7909,85156,252163,143076,116815,33562,2992628,1159042,3348505,840868,775073,6857703,283347,1356806,949673,2197955,0,0,88,0,0,0,0,90,0,0,27,725,2118,0,8606,2365,7103,5333,1664,4603,1354,4355,46,75,435,84,173,88,226,68,625,51,0,25,43608,0,0,0,0,0,0,0,165399,109474,280692,29237,143159,77730,614352,120731,161514,314515,1791,24,84,0,0,0,0,0,0,0,0,0,0,637702,100899,126629,612154,220082,871883,226278,1268608,81390,16682
66,0,0,0,0,0,0,0,0,0,0,0,1402,3841,21406,10695,144,395,292,2453,0,27644,4305,1757,13,9,13407,32,62,26,5,15,20,6,225,0,0,986386,321747,104780,795785,1214412,127670,125680,361544,23363,89645,0,0,0,0,21,114,8852,29,45,217,58,91,89313,40551,44073,84171,26,21,10730,25794,6,20,0,200,217,1317,486,807,346,120,424,148,269,55550,254140,56712,18765,17557,73185,60135,144131,221646,13394,25325,402890,1311897,3428596,1342298,1036529,288458,5209401,689949,512003,1904909,0,0,0,0,0,0,0,26,0,0,23,813,1417,0,3159,26613,6302,4111,3628,2212,2070,1184,80,62,25,76,146,119,10,64,93,130,0,60,2896,0,0,0,0,0,0,0,30051,78663,98665,186731,108187,117675,627956,42977,138544,18392,809,17,48,0,0,0,0,0,0,0,0,0,0,30525,132966,205271,490454,366146,178656,875988,614389,31925,426727
67,0,0,0,0,0,0,0,0,0,0,0,13014,1562,14182,22157,193,605,559,876,0,42131,28589,2088,26,66,17151,15,13,111,6,52,14,13,285,0,6,1463427,750393,1492742,241239,380519,102205,220491,263911,134884,240173,0,0,0,0,178,102,20701,82,71,410,63,191,138932,65930,42637,92297,13,18,57133,16256,34,70,0,323,336,342,2295,1491,639,232,720,553,427,109667,236251,63590,11812,196316,8644,47178,405874,193203,40100,46287,1701558,308154,3599908,1793027,3692425,1304444,667121,9441700,385959,1813662,0,0,0,0,0,0,0,75,0,0,10,1113,2444,0,41412,4155,6906,2644,4504,4016,715,5159,69,46,74,699,101,108,83,113,1099,82,0,63,10224,0,0,0,0,0,0,0,310331,36366,173923,86141,152460,111194,712900,421536,233215,77990,1567,19,188,0,0,0,0,0,0,0,0,0,0,167637,645214,331019,948936,157915,1634335,2018422,1517393,803891,54100
68,0,0,0,0,0,0,0,0,0,0,0,1577,7017,1936,10552,340,166,376,714,0,36423,19160,1281,11,24,16161,55,60,13,16,9,10,2,176,0,0,613265,120597,30172,171674,66792,578588,109503,23942,100260,151444,0,0,0,0,16,37,10159,35,62,75,68,45,74439,33352,325453,25721,17,32,22818,21815,17,11,0,654,486,262,123,775,540,122,697,684,599,51459,76073,16388,69906,8643,15991,91595,120772,109809,23476,8925,471038,551291,318022,1145306,1616635,1137759,513955,369435,3914571,494591,0,0,3,0,0,0,0,8,0,0,27,1455,437,0,2751,4200,2535,16295,2580,2381,1422,2333,17,101,72,51,339,49,52,62,107,61,0,30,7425,0,0,0,0,0,0,1,33155,98527,92306,50908,214436,29099,411415,17765,149179,52955,614,27,31,0,0,0,0,0,0,0,0,0,0,186567,259899,283238,145756,466970,634592,913867,593398,34552,57037
69,0,0,0,0,0,0,0,0,0,0,0,7060,3611,33750,19941,233,1577,878,1840,0,69700,69803,2507,26,34,20807,49,37,61,42,48,18,36,396,0,3,460590,123390,251458,1370128,1410253,209699,317635,317357,288327,230985,0,0,0,0,180,209,29569,72,187,532,235,300,341373,81316,121590,727304,59,73,68079,52466,32,28,0,463,445,926,882,1743,1480,362,512,355,1338,173502,613507,239991,23666,90280,42633,244947,803202,651581,32043,57349,1397560,895914,1948318,633413,2949937,2612975,2241810,1714352,517653,13471783,0,0,2,0,0,0,0,213,0,0,36,1461,3430,0,11470,13485,31522,4547,4611,2677,2489,5616,163,122,63,104,151,184,313,1162,738,158,0,170,15549,0,0,0,0,0,0,0,164997,96185,416552,104433,407380,375345,2844146,141298,424634,203131,2761,141,67,0,0,0,0,0,0,0,0,0,0,476935,811489,193868,1359609,1045052,2032151,1380606,1384291,176117,363544
253,0,0,0,0,0,0,0,0,0,0,0,0,0,0,0,0,0,1,0,0,0,0,0,0,0,0,0,0,0,0,0,0,0,0,0,0,0,0,0,0,0,0,0,0,1,0,0,0,0,0,0,0,0,0,0,0,0,0,0,0,0,0,0,0,0,0,0,0,0,0,0,0,0,0,0,0,0,0,0,0,0,0,0,0,0,0,0,0,0,0,0,0,0,0,0,0,0,0,0,0,0,0,0,0,0,0,0,0,0,0,0,0,0,0,0,0,0,0,0,0,0,0,0,0,0,0,0,0,0,0,0,0,0,0,0,0,0,0,0,0,0,0,0,0,0,0,0,0,0,0,0,0,0,0,0,0,0,0,0,0,0,0,0,0,0,0,0,0,0,0,0,0,0,0,0
254,0,0,0,0,0,0,0,0,0,0,0,0,0,0,0,0,0,0,0,0,0,0,0,0,0,0,0,0,0,0,0,0,0,0,0,0,0,0,0,0,0,0,0,0,0,0,0,0,0,0,0,0,0,0,0,0,0,0,0,0,0,0,0,0,0,0,0,0,0,0,0,0,0,0,0,0,0,0,0,0,0,0,0,0,0,0,0,0,0,0,0,0,0,0,0,0,0,0,0,0,2,0,0,0,0,0,0,0,0,0,0,0,0,0,0,0,0,0,0,0,0,0,0,0,0,0,0,0,0,0,0,0,0,0,0,0,0,0,0,0,0,0,0,0,0,0,0,0,0,0,0,0,0,0,0,0,0,0,0,0,0,0,0,0,0,0,0,0,0,0,0,0,0,0,0
255,0,0,0,0,0,0,0,0,0,0,0,0,0,0,0,0,0,0,0,0,0,0,6,0,0,0,0,0,0,0,0,0,0,29,0,0,0,0,0,0,0,0,0,0,2,0,0,0,0,0,57,0,0,0,0,0,0,0,0,1,1,23,0,0,0,5,0,0,0,0,0,1,0,0,0,0,0,0,1,0,2,0,0,0,0,0,0,0,0,2,0,1,0,0,0,103,0,2,4,2,0,0,413,0,0,0,0,0,0,0,0,0,15,0,0,37,1,0,4,0,0,0,0,0,0,0,16,0,0,0,0,0,0,0,0,0,0,0,0,0,0,0,0,10,0,0,0,0,0,0,0,3,0,0,0,0,0,0,0,0,0,0,0,0,0,10,2,10,2,2,3,3,4,4,2
182,0,0,0,0,0,0,0,0,0,0,0,0,0,0,0,0,0,0,0,0,0,0,0,0,0,0,0,0,0,0,0,0,0,0,0,0,0,0,0,0,0,0,0,2,0,0,0,0,0,0,0,0,0,0,0,0,0,0,0,0,0,0,0,0,0,0,0,0,0,0,0,0,0,0,0,0,0,0,0,0,0,0,0,0,0,0,0,0,0,0,0,0,0,0,0,0,0,0,0,0,0,0,0,0,0,0,0,0,0,0,0,0,0,0,0,0,0,0,0,0,0,0,0,0,0,0,0,0,0,0,0,0,0,0,0,0,0,0,0,0,0,0,0,0,0,0,0,0,0,0,0,0,0,0,0,0,0,0,0,0,0,0,0,0,0,0,0,0,0,0,0,0,0,0,0
183,0,0,0,0,0,0,0,0,0,0,0,0,0,0,0,0,0,0,0,0,0,0,0,0,0,0,0,0,0,0,0,0,0,0,0,0,0,0,1,0,0,0,0,0,0,0,0,0,0,0,0,0,0,0,0,0,0,0,0,0,0,0,0,0,0,0,0,0,0,0,0,0,0,0,0,0,0,0,0,0,0,0,0,0,0,0,0,0,0,0,0,0,0,0,0,0,0,0,0,0,0,0,0,0,0,0,0,0,0,0,0,0,0,0,0,0,0,0,0,0,0,0,0,0,0,0,0,0,0,0,0,0,0,0,0,0,0,0,0,0,0,0,0,0,0,0,0,0,0,0,0,0,0,0,0,0,0,0,0,0,0,0,0,0,0,0,0,0,0,0,0,0,0,0,0
2,0,0,0,0,0,0,0,0,0,0,0,6,2,48,56,1,5,1,1,0,41,59,361,329,34,3,4,0,0,0,1,3,1,15,0,0,33,25,17,89,53,16,49,44,11,19,0,0,0,0,0,4,1,0,1,4,2,1,37,1,3,17,0,7,5,2,161,191,0,0,0,1,1,4,1,0,0,0,0,134,141,58,0,45,3,17,211,208,4,5,25,22,155,56,97,51,45,50,5,212,0,0,0,0,0,0,0,10250,0,0,76,0,0,0,15,4,1,2,4,4,2,0,28,9,5,35,2,75,9,2,0,3,0,1,2,0,0,0,0,0,0,0,29,36,79,43,97,152,673,24,498,25,399,187,81,0,0,0,0,0,0,0,0,0,0,5,14,4,45,48,13,18,54,5,26
187,0,0,0,0,0,0,0,0,0,0,0,0,0,0,0,0,0,0,0,0,0,0,0,0,0,0,0,0,0,0,0,0,0,0,0,0,0,0,0,0,1,0,0,0,0,0,0,0,0,0,0,0,0,0,0,0,0,0,0,0,0,0,0,0,0,0,0,0,0,0,0,0,0,0,0,0,0,0,0,0,0,0,0,0,0,0,0,0,0,0,0,0,0,0,0,0,1,0,0,0,0,0,0,0,0,0,0,0,0,0,0,0,0,0,0,0,0,0,0,0,0,0,0,0,0,0,0,0,0,0,0,0,0,0,0,0,0,0,0,0,0,0,0,0,0,0,0,0,0,0,0,0,0,0,0,0,0,0,0,0,0,0,0,0,0,0,0,0,0,0,0,0,0,0,0
184,0,0,0,0,0,0,0,0,0,0,0,0,0,0,0,0,0,0,0,0,0,0,0,0,0,0,0,0,0,0,0,0,0,0,0,0,0,0,0,0,0,0,0,0,0,0,0,0,0,0,0,0,0,0,0,0,0,0,0,0,0,0,0,0,0,0,0,0,0,0,0,0,0,0,0,0,0,0,0,0,0,0,0,0,0,0,0,0,0,0,0,0,0,0,0,0,0,0,0,0,0,0,0,0,0,0,0,0,0,0,0,0,0,0,0,0,0,0,0,0,0,0,0,0,0,0,0,0,0,0,0,0,0,0,0,0,0,0,0,0,0,0,0,0,0,0,0,0,1,0,0,0,0,0,0,0,0,0,0,0,0,0,0,0,0,0,0,0,0,0,0,0,0,0,0
6,0,0,0,0,0,0,0,0,0,0,0,4,0,1,8,6,2,6,1,0,4,7,53,231,76,2,2,1,2,2,1,1,2,9,0,0,15,0,6,44,9,3,7,15,1,7,0,0,0,0,0,0,3,0,0,1,4,3,19,4,5,8,0,2,2,8,52,75,0,3,1,0,1,3,1,3,0,0,0,27,17,2,5,7,12,12,53,5,10,3,15,55,15,10,61,15,7,1,43,20,0,0,0,0,0,0,0,53,0,0,713,0,0,0,4,2,4,6,1,2,1,1,29,34,6,10,13,9,8,8,1,97,0,2,0,0,0,0,1,0,0,0,7,5,23,10,32,3,111,6,33,7,61,123,64,0,0,0,0,0,0,0,0,0,0,6,18,3,3,24,10,3,24,3,3
202,0,0,0,0,0,0,0,0,0,0,0,0,0,0,0,0,0,0,0,0,0,0,0,0,0,0,0,0,0,0,0,0,0,0,0,0,0,0,0,0,0,0,0,0,0,0,0,0,0,0,0,0,0,0,0,0,0,0,0,0,0,0,0,0,0,0,0,0,0,0,0,0,0,0,0,0,0,0,0,0,0,0,0,0,0,0,0,0,0,0,0,0,0,0,0,0,0,0,0,0,0,0,0,0,0,0,0,0,0,0,0,0,0,0,0,0,0,0,0,0,0,0,0,0,0,0,0,0,0,0,0,0,0,0,0,0,0,0,0,0,0,0,0,0,0,0,0,0,0,0,0,0,0,0,0,0,0,0,0,0,0,0,0,0,0,0,0,0,1,0,0,0,0,0,0
99,0,0,0,0,0,0,0,0,0,0,0,37,48,37,380,0,2,45,11,0,78,154,76,4,0,19577,19,14,6,13,12,3,0,26,0,0,952,805,709,2188,458,1071,1493,385,538,241,0,0,0,0,48,17,1019,11,270,28,12,3,2993,764,934,354,4,13,1937,1466,0,1,0,238,57,2036,2172,6417,6279,394,189,1195,323,1254,2060,193,372,204,132,336,1421,934,219,2401,1328,815,743,2867,1284,913,824,1075,1400,1441,0,0,0,0,0,0,0,0,0,0,0,48707,5917,0,3415,2405,2535,3424,4048,7939,6775,6508,0,0,1,1,5,21,2,0,3,0,0,9,1739,0,0,0,0,0,0,0,432,512,989,320,1223,403,4014,393,669,337,4,1,0,0,0,0,0,0,0,0,0,0,0,526,459,4224,408,500,818,606,2518,793,473
98,0,0,0,0,0,0,0,0,0,0,0,64,26,336,83,1,19,22,17,0,327,290,47,2,1,1051,19,21,9,6,10,6,4,36,0,0,2511,1038,1796,1755,2212,642,1283,2739,1410,963,0,0,0,0,70,51,2613,20,116,699,64,66,4138,1648,648,1823,9,22,1928,845,3,0,0,236,337,2877,5058,14456,6015,696,1006,304,1840,590,3373,650,96,798,194,292,2711,1448,635,29077,1674,481,5882,595,2293,2230,1449,2516,389,3510,0,0,11,0,0,0,0,1,0,0,0,5731,84952,0,8345,4140,13184,2711,14206,8793,8478,19979,0,2,2,12,15,17,1,0,17,0,0,42,6620,0,0,0,0,0,0,0,845,342,1342,414,838,1094,4514,1569,2324,737,1,0,4,0,0,0,0,0,0,0,0,0,0,1391,1075,432,9387,430,1182,1499,1598,1652,931
229,0,0,0,0,0,0,0,0,0,0,0,0,0,0,0,0,0,0,0,0,0,0,0,0,0,0,0,0,0,0,0,0,0,0,0,0,0,0,0,1,0,0,0,0,0,0,0,0,0,0,0,0,0,0,0,0,0,0,0,0,0,0,0,0,0,0,0,0,0,0,0,0,0,0,0,0,0,0,0,0,0,0,0,0,0,0,0,0,0,0,0,0,0,0,0,0,0,0,0,0,0,0,0,0,0,0,0,0,0,0,0,0,0,0,0,0,0,0,0,0,0,0,0,0,0,0,0,0,0,0,0,0,0,0,0,0,0,0,0,0,0,0,0,0,0,0,0,0,0,0,0,0,0,0,0,0,0,0,0,0,0,0,0,0,0,0,0,0,0,0,0,0,0,0,0
91,0,0,0,0,0,0,0,0,0,0,0,684,145,689,930,25,41,34,79,0,2008,1565,107,1,1,43900,16,3,14,1,3,1,16,24,0,0,9630,6514,19478,12067,6478,2680,9054,5545,4463,4970,0,0,0,0,99,25,96634,13,201,70,30,56,27002,37945,4262,15527,6,6,45460,8605,1,3,0,167,171,517,8225,4503,1125,148,213,161,391,3627,10936,2562,557,7228,569,1637,16285,7461,1903,92637,14070,3516,14910,8144,13781,8226,3137,40204,2178,10850,0,0,0,0,0,0,0,3,0,0,6,3407,8035,0,376302,43469,65356,21179,27474,24712,2033,26828,7,8,4,11,11,11,32,9,68,22,0,18,74498,0,0,0,0,0,0,0,7598,1657,5715,2373,5767,3908,23948,11702,7980,4899,53,6,2,0,0,0,0,0,0,0,0,0,0,8368,11602,6540,12098,2332,11038,8591,11535,155113,3953
90,0,0,0,0,0,0,0,0,0,0,0,89,191,622,753,6,19,43,118,0,1590,294,162,3,3,40731,9,15,9,5,7,4,1,36,0,0,8979,2872,3240,14573,8611,2784,3737,5276,1134,3477,0,0,0,0,78,33,61211,4,11,37,4,28,15380,29264,7104,34527,11,2,12342,42588,0,1,0,541,63,6992,274,1239,434,120,355,222,279,2487,9316,2138,895,1743,2466,2763,10513,9661,621,69527,3957,9446,10356,6131,7850,2654,28042,4330,3541,13135,0,0,45,0,0,0,0,3,0,0,0,2486,3334,0,41322,249796,32915,27407,13136,12508,5187,4181,0,0,6,3,53,25,5,2,5,14,0,14,22203,0,0,0,0,0,0,0,1445,2804,3713,4486,3573,3370,20736,2269,5900,1245,12,2,2,0,0,0,0,0,0,0,0,0,0,2977,7951,5026,8958,6059,2340,8153,7167,6185,104640
93,0,0,0,0,0,0,0,0,0,0,0,209,67,763,256,2,59,13,31,0,1094,1561,97,0,1,6367,7,10,7,0,4,0,0,34,0,0,5097,1522,4268,6741,13865,1723,2482,4294,3288,3562,0,0,0,0,30,39,52622,32,38,89,29,46,5304,9503,2402,102746,7,14,24275,13618,0,0,0,146,78,1633,1384,5047,2613,169,227,601,5807,1743,10811,5305,301,1700,771,1335,9149,4682,716,32153,7135,4496,10001,2423,10124,6891,5919,6205,2051,33738,0,0,1,0,0,0,0,3,0,0,3,2789,12056,0,64810,37955,253372,23141,35313,21286,7094,23735,0,0,8,29,1,0,11,3,22,3,0,75,45359,0,0,0,0,0,0,0,2340,1379,3948,1460,3358,7008,16673,2936,5309,3100,1,1,2,0,0,0,0,0,0,0,0,0,0,5220,7984,1263,6993,3576,7227,3906,5040,7298,4581
92,0,0,0,0,0,0,0,0,0,0,0,76,622,93,328,123,6,30,43,0,1122,801,92,1,1,28329,66,5,10,16,6,1,1,35,0,0,4949,2363,1319,8301,2239,9039,3012,1015,3124,2434,0,0,0,0,22,22,28318,9,15,13,12,10,8089,13442,67879,3202,7,17,11761,16578,1,0,0,166,191,365,341,2645,1742,191,123,3319,208,2240,4413,756,2491,547,935,2631,8244,6027,963,9068,4243,5524,4876,7337,6718,4521,3839,2400,16327,4260,0,0,0,0,0,0,0,0,0,0,4,3164,2181,0,21199,26544,21563,166657,14857,20474,8466,9660,0,0,1,1,8,1,23,1,13,3,0,2,33461,0,0,0,0,0,0,0,1254,2985,2909,1733,5043,1270,10179,889,4563,1691,9,1,1,0,0,0,0,0,0,0,0,0,0,3690,4064,3701,1911,6296,3654,4084,11803,2361,4342
95,0,0,0,0,0,0,0,0,0,0,0,95,52,184,199,0,1,1,51,0,895,196,655,2,5,5600,16,2,2,10,5,0,4,34,0,0,6917,415,2687,3954,2571,2109,1903,1810,910,2608,0,0,0,0,21,56,18860,4,9,100,49,45,5271,46695,2162,3601,31,7,2962,2366,0,2,0,133,194,1661,1549,7053,1390,109,1826,404,334,1177,3293,1317,364,1223,391,837,3285,5177,228,13930,2698,1622,4516,2268,6308,1462,3423,4154,2036,4517,0,0,0,0,0,0,0,1,0,0,0,3503,12958,0,30428,15642,35080,16208,133028,11426,9708,22552,14,15,2,4,4,1,2,7,9,3,0,4,4834,0,0,0,0,0,0,0,946,794,1794,2680,2430,1790,8911,2607,3657,896,3,0,2,0,0,0,0,0,0,0,0,0,0,1256,3931,1607,4004,3225,1361,13341,4230,3523,2458
94,0,0,0,0,0,0,0,0,0,0,0,147,80,150,576,21,14,201,73,0,416,654,36,0,2,11131,5,17,6,3,5,3,5,15,0,0,1934,7632,2690,3498,1520,1735,3809,1090,2372,997,0,0,0,0,8,9,4511,9,18,30,15,12,59198,1709,3785,2486,5,37,5111,7814,0,0,0,97,55,859,1789,1628,2548,2375,52,324,337,2225,4295,639,592,1074,715,1460,5181,4391,2484,12925,3130,2515,4685,4298,2113,4955,2089,4387,2414,2940,0,0,0,0,0,0,0,2,0,0,1,7001,8088,0,25949,14277,20074,20452,10197,132750,7042,19936,2,2,2,1,4,0,0,2,11,4,0,9,24901,0,0,0,0,0,0,0,1118,975,4591,677,2737,705,11749,1531,3781,1561,1,2,5,0,0,0,0,0,0,0,0,0,0,3144,1156,2525,3123,2009,2570,889,17001,3250,1529
97,0,0,0,0,0,0,0,0,0,0,0,29,78,48,89,1,4,15,1,0,238,109,43,2,0,1883,2,23,9,3,1,1,0,31,0,0,906,656,546,2253,1566,990,689,398,445,712,0,0,0,0,9,12,4176,14,9,47,19,40,2028,1414,1446,1226,19,7,854,21788,0,2,0,48,641,2125,853,4803,2036,191,198,1027,1031,688,1420,737,461,145,353,1214,1077,886,285,1170,680,3317,1256,860,1942,1327,1880,621,1501,2343,0,0,0,0,0,0,0,3,0,0,4,6703,7908,0,2285,5691,7937,9401,9896,8133,59459,5218,0,11,9,1,11,21,0,0,1,1,0,13,4804,0,0,0,0,0,0,0,214,1373,1074,470,1184,664,4397,294,1285,357,1,1,15,0,0,0,0,0,0,0,0,0,0,833,1217,821,1013,6114,439,1399,1457,408,1351
96,0,0,0,0,0,0,0,0,0,0,0,512,50,170,212,4,9,41,12,0,351,1202,430,3,0,6411,12,8,24,26,15,6,6,76,0,0,1866,1803,3549,2707,3897,2024,1759,1484,2455,1387,0,0,0,0,14,5,10186,17,27,42,52,244,3227,2208,1427,3172,67,18,52528,1641,5,1,0,1818,34,612,2568,9173,5972,959,378,568,1390,1303,3505,956,519,1338,198,794,7223,3114,688,5203,10131,1113,3095,2989,4585,4184,1134,4834,1833,6318,0,0,0,0,0,0,0,0,0,0,1,5697,19503,0,29594,4260,26510,10161,23401,19068,5496,208943,0,6,1,18,28,2,7,2,14,1,0,21,12258,0,0,0,0,0,0,0,3767,617,2132,524,2164,1929,9535,2313,3480,2258,7,0,28,0,0,0,0,0,0,0,0,0,0,2455,3383,2037,2293,920,16030,1217,3744,3030,526
11,0,0,0,0,0,0,0,0,0,0,0,16,14,32,65,19,23,7,616,0,77,23,152,34,19,20,2,0,0,0,1,0,2,1,0,0,43,22,17,42,1967,8,59,6,20,156,0,0,0,0,1,1,15,0,0,0,0,0,43,12,200,41,1,2,8,8,7,266,0,2,0,0,1,2,0,2,0,0,0,4,175,50,39,50,10,184,166,256,12,30,76,28,72,40,116,61,115,87,18,412,0,0,0,0,0,0,0,28,0,0,49,0,1,0,2,4,0,2,5,0,0,0,14561,324,367,687,50,619,1869,191,12,231,0,1,4,0,0,0,0,0,0,0,27,32,158,27,172,25,248,11,64,20,53,42,447,0,0,0,0,0,0,0,0,0,0,13,37,38,155,106,30,126,639,59,16
10,0,0,0,0,0,0,0,0,0,0,0,120,1,18,77,479,141,238,7,0,5,7,247,8,50,4,5,4,0,0,4,1,2,11,0,0,56,21,28,455,44,17,107,13,11,38,0,0,0,0,0,0,0,0,25,0,2,0,71,34,46,52,1,1,9,6,19,43,0,0,0,0,1,10,2,0,0,0,0,201,177,25,158,7,12,19,519,81,50,17,36,54,83,213,166,55,60,47,76,130,0,0,0,0,0,0,0,8,0,0,12,0,0,0,1,0,0,0,5,0,3,19,287,3874,40,64,22,35,49,25,4,95,0,9,3,0,0,0,0,0,0,0,9,199,28,37,140,14,1451,6,35,16,9,62,161,0,0,0,0,0,0,0,0,0,0,25,29,11,43,69,26,72,129,32,25
13,0,0,0,0,0,0,0,0,0,0,0,151,350,58,56,81,14,40,35,0,40,76,48,8,6,231,0,0,0,0,0,0,0,3,0,0,51,14,17,920,30,47,16,10,6,12,0,0,0,0,0,1,89,0,1,2,0,0,145,4,39,15,2,0,13,74,20,6,0,3,0,1,1,1,1,10,2,1,0,45,87,56,140,56,16,371,309,81,43,4,60,259,112,63,277,323,36,85,141,50,0,0,0,0,0,0,0,13,0,0,10,3,1,0,1,5,0,2,1,1,24,3,357,18,4111,328,169,344,532,69,10,82,0,0,5,0,0,0,0,0,0,0,30,70,25,17,175,13,567,228,148,51,74,17,24,0,0,0,0,0,0,0,0,0,0,10,30,39,84,71,21,27,115,20,15
12,0,0,0,0,0,0,0,0,0,0,0,1888,128,114,34,24,30,41,35,0,167,27,247,7,14,9,0,1,0,0,0,0,0,6,0,0,248,276,115,351,141,165,115,62,216,84,0,0,0,0,0,16,24,0,0,0,543,0,17,73,26,53,35,0,60,10,4,149,0,4,8,2,8,5,0,0,0,0,77,34,229,134,6,326,218,49,899,55,50,29,233,67,372,64,149,254,103,750,21,183,0,0,0,0,0,0,0,23,0,0,4,1,4,0,13,6,119,4,9,1,1,10,362,212,284,12529,117,1197,322,375,300,20,0,14,1,0,0,0,0,0,0,0,286,22,478,48,139,73,1047,124,140,191,11,58,34,0,0,0,0,0,0,0,0,0,0,26,92,29,75,60,274,212,72,31,52
15,0,0,0,0,0,0,0,0,0,0,0,72,51,41,1623,80,37,81,129,0,64,66,62,18,24,38,1,0,1,0,0,1,0,19,0,0,148,84,122,608,91,237,158,27,151,85,0,0,0,0,44,0,1,0,2,0,1,0,145,27,162,109,0,0,27,19,10,13,0,1,3,2,1,0,3,11,0,0,0,313,298,407,182,73,60,249,760,841,170,14,88,148,186,138,255,161,140,215,351,90,0,0,16,0,0,0,0,15,0,0,16,3,7,0,9,32,4,2,3,1,5,14,47,22,176,91,7371,288,198,330,102,108,0,0,4,0,0,0,0,0,0,0,66,93,411,27,1016,57,2691,33,348,113,11,8,21,0,0,0,0,0,0,0,0,0,0,59,39,324,177,311,241,221,505,34,125
14,0,0,0,0,0,0,0,0,0,0,0,58,89,1566,45,35,179,22,86,0,62,39,458,8,4,5,0,0,0,0,0,1,0,6,0,0,73,13,174,811,192,29,52,230,50,22,0,0,0,0,1,1,2,0,0,2,1,0,214,27,79,14,0,0,8,6,8,488,0,1,0,0,3,0,1,0,0,0,1,71,888,433,25,417,16,41,847,1091,333,15,649,93,390,82,291,111,88,55,21,132,0,0,0,0,0,0,0,59,0,0,4,2,3,0,6,36,5,0,2,0,6,1,1165,39,437,500,266,10718,506,360,363,113,0,1,104,0,0,0,0,0,0,0,36,12,279,272,225,64,1452,98,541,160,10,14,355,0,0,0,0,0,0,0,0,0,0,8,43,16,223,27,66,39,169,10,28
17,0,0,0,0,0,0,0,0,0,0,0,457,41,260,226,154,766,296,87,0,51,3083,75,12,2,16,6,0,0,0,1,1,0,1,0,0,161,75,55,106,236,96,91,36,291,17,0,0,0,0,0,1,4,0,0,0,0,1,101,4,144,70,0,0,50,0,1,22,0,1,0,2,4,0,1,1,2,0,0,70,339,106,149,159,197,16,580,292,71,30,269,118,157,125,108,278,18,124,33,152,0,0,0,0,0,0,0,5,0,0,9,2,6,0,36,2,1,25,9,1,1,4,1875,49,535,232,189,636,16643,723,375,790,0,0,34,0,0,0,0,0,0,0,132,44,117,232,46,50,1019,85,179,1258,6,33,45,0,0,0,0,0,0,0,0,0,0,55,36,15,38,26,204,45,295,47,6
16,0,0,0,0,0,0,0,0,0,0,0,144,76,89,133,125,313,111,338,0,5273,61,52,3,10,36,2,0,0,0,1,1,0,3,0,0,299,36,328,1293,121,743,130,43,75,329,0,0,0,0,0,1,30,0,0,1,0,1,350,64,39,25,0,0,3,9,1,27,0,2,103,1,3,5,0,4,0,0,5,514,736,425,215,400,216,104,1717,890,190,16,118,147,272,79,308,77,71,113,24,1162,0,0,0,0,0,0,0,8,0,0,6,0,1,0,13,4,4,2,2,0,1,4,48,60,58,338,274,407,524,15221,517,384,0,0,0,0,0,0,0,0,0,0,59,30,334,102,146,75,1591,214,967,38,1,161,93,0,0,0,0,0,0,0,0,0,0,59,159,33,49,967,54,95,1839,88,18
19,0,0,0,0,0,0,0,0,0,0,0,1619,61,1251,390,388,1458,410,585,0,461,507,38,23,6,32,0,1,0,0,0,0,0,0,0,0,820,140,919,459,248,146,226,271,178,173,0,0,0,0,2,1,96,0,0,0,0,0,1348,163,175,322,0,0,64,1,2,108,0,2,2,0,3,2,4,2,3,0,1,583,572,349,279,8264,352,420,1167,863,602,121,394,147,894,173,336,278,141,682,86,659,0,0,0,0,0,0,0,2,0,0,2,3,2,0,93,2,4,12,7,5,4,5,40,6,42,84,172,345,706,466,25079,466,0,0,25,0,0,0,0,0,0,0,159,109,236,225,824,278,2905,1497,488,272,1,4,3,0,0,0,0,0,0,0,0,0,0,134,209,100,327,101,261,287,1149,287,45
18,0,0,0,0,0,0,0,0,0,0,0,325,778,75,136,236,268,196,352,0,145,74,20,9,7,8,1,0,0,0,0,1,0,2,0,0,70,143,39,665,140,390,72,74,35,48,0,0,0,0,0,0,10,0,3,0,0,0,141,52,84,53,2,0,10,17,2,16,0,3,0,0,1,2,3,2,1,2,0,58,304,54,120,96,2688,52,688,733,158,10,225,82,122,43,63,49,77,43,30,139,0,0,0,0,0,0,0,3,0,0,24,1,1,0,4,7,14,0,3,3,4,20,182,60,104,24,139,343,863,382,417,7228,0,2,5,0,0,0,0,0,0,0,84,85,107,41,46,318,652,472,197,28,7,7,5,0,0,0,0,0,0,0,0,0,0,15,56,18,150,95,82,53,129,248,75
117,0,0,0,0,0,0,0,0,0,0,0,657,5,1,22,0,0,0,11,0,13,14,9,1,0,8,167,153,215,103,232,46,113,1240,0,0,44,10,38,52,118,15,22,35,41,180,0,0,0,0,569,186,8,443,226,152,130,335,78,37,179,69,1321,559,367,14,1,1,0,92,196,38,72,54,38,60,124,87,167,12,27,38,3,10,7,17,72,50,1,10,44,138,58,41,129,49,316,50,44,373,0,0,0,0,0,0,0,0,0,0,1,9,28,0,17,12,116,8,8,8,18,33,0,1,0,41,0,0,0,0,0,2,0,5240,7,0,0,0,0,0,0,0,51,11,107,54,62,12,307,58,34,27,0,3,10,0,0,0,0,0,0,0,0,0,0,87,95,102,113,97,71,156,74,23,84
89,0,0,0,0,0,0,0,0,0,0,0,447,232,668,891,91,112,239,31,0,668,5080,78,2,7,59385,5,13,7,3,1,0,1,36,0,0,5590,8928,7741,10271,10054,6645,5816,5670,18529,2242,0,0,0,0,24,6,73711,20,18,33,150,32,44786,16302,27244,54550,8,13,103896,43324,1,1,0,61,79,271,503,1063,14748,179,47,256,319,4705,11427,2125,1347,3134,626,4237,13809,6970,5091,121744,14935,7701,15883,8053,7166,43336,2515,9318,7295,16160,0,0,0,0,0,0,0,0,0,0,0,1787,6068,0,73946,22462,44646,29381,4341,21935,4986,12540,2,2,2,6,53,32,23,2,28,6,0,10,406721,0,0,0,0,0,0,0,5521,3171,9925,1619,7031,3712,25549,5155,5613,11965,30,4,2,0,0,0,0,0,0,0,0,0,0,168589,7123,7257,13018,5645,13644,3376,13863,19140,3994
204,0,0,0,0,0,0,0,0,0,0,0,0,0,0,0,0,0,0,0,0,0,0,0,0,0,0,0,0,0,0,0,0,0,0,0,0,0,0,0,0,0,0,1,0,0,0,0,0,0,0,0,0,0,0,0,0,0,0,0,0,0,0,0,0,0,0,0,0,0,0,0,0,0,0,0,0,0,0,0,0,0,0,0,0,0,0,0,0,0,0,0,0,0,0,0,0,0,0,0,0,0,0,0,0,0,0,0,0,0,0,0,1,0,0,0,0,0,0,0,0,0,0,0,0,0,0,0,0,0,0,0,0,0,0,0,0,0,0,0,0,0,0,0,0,0,0,0,0,0,0,0,0,0,0,0,0,0,0,0,0,0,0,0,0,0,0,0,0,0,0,0,0,0,0,0
151,0,0,0,0,0,0,0,0,0,0,0,0,0,0,0,0,0,0,0,0,0,0,0,0,0,0,0,0,0,0,0,0,0,0,0,0,0,0,0,0,0,0,0,0,0,0,0,0,0,0,0,0,0,0,0,0,0,0,0,0,0,0,0,0,0,0,0,0,0,0,0,0,0,0,0,0,0,0,0,0,0,0,0,0,0,5,0,0,0,0,0,0,0,0,0,0,0,0,0,0,0,0,0,0,0,0,0,0,0,0,0,0,0,0,0,0,0,0,0,0,0,0,0,0,0,0,0,0,0,0,0,0,0,0,0,0,0,0,2,0,0,0,0,0,0,0,0,0,0,0,0,0,0,0,0,0,0,0,0,0,0,0,0,0,3,0,0,0,0,0,0,0,0,0,0
150,0,0,0,0,0,0,0,0,0,0,0,0,0,0,0,0,0,0,0,0,0,0,0,0,0,0,0,0,0,0,0,0,0,0,0,0,0,0,0,0,0,0,0,0,0,0,0,0,0,0,0,0,0,0,0,0,0,0,0,0,0,0,0,0,0,0,0,0,0,0,0,0,0,0,0,0,0,0,0,0,0,0,0,0,0,0,1,0,0,0,0,0,0,0,0,0,0,0,0,0,0,0,0,0,0,0,0,0,0,0,0,0,0,0,0,0,0,0,0,0,0,0,0,0,0,0,0,0,0,0,0,0,0,0,0,0,0,0,0,0,0,0,0,0,0,0,0,0,0,0,0,0,0,0,0,0,0,0,0,0,0,0,0,0,1,0,0,0,0,0,0,0,0,0,0
153,0,0,0,0,0,0,0,0,0,0,0,0,0,0,0,0,0,0,0,0,0,0,0,0,0,0,0,0,0,0,0,0,0,0,0,0,0,0,0,0,0,0,0,0,0,0,0,0,0,0,0,0,0,0,0,0,0,0,0,0,0,0,0,0,0,0,0,0,0,0,0,0,0,0,0,0,0,0,0,1,0,0,0,0,0,0,0,0,0,0,0,0,0,0,0,0,0,0,0,0,0,0,0,0,0,0,0,0,0,0,0,0,0,0,0,0,0,0,0,0,0,0,0,0,0,0,0,0,0,0,0,0,0,0,0,0,0,0,1,0,0,0,0,0,0,0,0,0,0,0,0,0,0,0,0,0,0,0,0,0,0,0,0,0,0,0,0,0,0,0,0,0,0,0,0
152,0,0,0,0,0,0,0,0,0,0,0,0,0,0,0,0,0,0,0,0,0,0,0,0,0,0,0,0,0,0,0,0,0,0,0,0,0,0,0,0,1,0,0,0,0,0,0,0,0,0,0,0,0,0,0,0,0,0,0,0,0,0,0,0,0,0,0,0,0,0,0,0,0,0,0,0,0,0,0,0,3,0,0,0,0,0,0,0,0,0,0,0,0,0,0,0,0,0,0,0,0,0,0,0,0,0,0,0,0,0,0,0,0,0,0,0,0,0,0,0,0,0,0,0,0,0,0,0,0,0,0,0,0,0,0,3,0,0,0,0,0,0,0,0,0,0,0,0,0,0,0,0,0,0,0,0,0,0,0,0,0,0,0,0,0,0,0,0,0,0,0,0,0,0,0
155,0,0,0,0,0,0,0,0,0,0,0,0,0,0,0,0,0,0,0,0,0,0,0,0,0,0,0,0,0,0,0,0,0,0,0,0,0,0,0,0,0,0,0,0,0,0,0,0,0,0,0,0,0,0,0,0,0,0,0,0,0,0,0,0,0,0,0,0,0,0,0,0,2,0,0,0,0,0,0,0,0,0,0,0,0,0,0,0,0,0,0,0,0,0,0,0,2,0,0,0,0,0,0,0,0,0,0,0,0,0,0,0,0,0,0,0,0,0,0,0,0,0,0,0,0,0,0,0,0,0,0,0,0,0,0,0,0,0,0,0,0,0,0,2,0,0,0,0,0,0,0,0,0,0,0,0,0,0,0,0,0,0,0,0,0,0,0,0,0,0,0,0,0,0,0
154,0,0,0,0,0,0,0,0,0,0,0,0,0,0,0,0,0,0,0,0,0,0,0,0,0,0,0,0,0,0,0,0,0,0,0,0,0,0,0,0,0,0,0,0,0,0,0,0,0,0,0,0,0,0,0,0,0,0,0,0,0,0,0,0,0,0,0,0,0,0,0,0,0,0,0,0,0,0,0,0,0,0,0,0,0,0,0,0,0,0,0,0,0,0,0,0,0,0,0,0,0,0,0,0,0,0,0,0,0,0,0,0,0,0,0,0,0,0,0,0,0,0,0,0,0,0,0,0,0,0,0,0,0,0,0,0,0,1,0,0,0,0,0,0,0,0,0,0,0,0,1,0,0,0,0,0,0,0,0,0,0,0,0,0,0,0,0,0,0,0,0,0,0,0,0
232,0,0,0,0,0,0,0,0,0,0,0,0,0,0,0,0,0,0,0,0,0,0,0,0,0,0,0,0,0,0,0,0,0,0,0,0,0,0,0,0,0,0,0,0,0,0,0,0,0,0,0,0,0,0,0,0,0,0,0,0,0,0,0,0,0,0,0,0,0,0,0,0,0,0,0,0,0,0,0,0,0,0,0,0,0,0,0,0,0,0,0,0,0,0,0,0,1,0,0,0,0,0,0,0,0,0,0,0,0,0,0,0,0,0,0,0,0,0,0,0,0,0,0,0,0,0,0,0,0,0,0,0,0,0,0,0,0,0,0,0,0,0,0,0,0,0,0,0,0,0,0,0,0,0,0,0,0,0,0,0,0,0,0,0,0,0,0,0,0,0,0,0,0,0,0
48,0,0,0,0,0,0,0,0,0,0,0,16044,508,3161,5171,106,244,355,318,0,9396,35261,844,22,19,7679,7,3,9,8,15,29,37,116,0,0,95625,154315,1353423,133093,341175,92377,214200,376404,622425,474176,0,0,0,0,24,12,9755,18,25,86,31,16,49217,9710,14851,31083,9,8,41297,5431,18,33,0,545,17,143,471,680,931,48,87,106,152,42448,151744,22712,8216,31765,3722,27335,1064835,108660,16150,10931,1054285,27357,170243,139193,451772,193043,31457,345623,37114,172175,0,0,0,0,0,0,0,20,0,0,5,501,990,0,8064,1695,2596,1312,1230,1317,218,4321,21,15,42,251,10,82,71,41,138,10,0,10,5895,0,0,0,0,0,0,0,4862219,94241,249887,235508,135340,315207,418907,463788,131142,691665,365,23,79,0,0,0,0,0,0,0,0,0,0,46308,87065,39263,61178,12233,239543,37523,111509,64754,9914
49,0,0,0,0,0,0,0,0,0,0,0,916,36333,1866,5425,234,225,199,456,0,11138,5575,734,67,5,4765,38,5,7,3,2,14,9,335,0,0,100707,105113,94737,510045,268996,474183,202811,151163,143929,255679,0,0,0,0,69,11,4745,14,8,25,13,38,30221,9560,24811,18425,6,11,6113,18031,15,25,0,258,63,218,177,522,372,89,57,167,127,41309,272768,24224,11257,9810,24455,356131,577406,408395,11768,4834,45245,422989,49024,60721,141290,111325,87398,36522,108536,93565,0,0,7,0,0,0,0,29,0,0,24,458,419,0,1706,3028,1731,3118,795,1121,1682,630,24,66,37,97,110,41,34,54,134,59,0,10,3833,0,0,0,0,0,0,0,104223,2574447,210621,157990,225226,188567,907480,54489,221407,56245,279,11,51,0,0,0,0,0,0,0,0,0,0,24903,36400,21741,19533,82243,19760,33842,80533,11872,20236
46,0,0,0,0,0,0,0,0,0,0,0,4853,4023,11755,32775,589,599,3300,1648,0,64811,34657,3347,331,47,12356,18,16,14,11,27,6,28,266,0,0,145783,597393,229452,857344,173511,159895,433907,185811,729662,79965,0,0,0,0,16,21,7223,15,29,177,11,32,193040,24140,50523,84776,170,9,20601,21075,139,223,0,260,86,284,381,1283,981,266,437,220,508,400790,1098408,83929,34890,67173,24549,153212,1630198,1107153,514923,23322,206175,166339,412597,230825,232231,292937,101882,184464,93315,385499,0,0,0,0,0,0,0,80,0,0,15,1098,1745,0,6175,4373,4144,3102,2371,5068,1035,2795,154,30,33,155,640,379,90,334,356,52,0,168,11833,0,0,0,0,0,0,0,220526,172922,6120437,115811,408998,229716,1264809,232500,916097,275600,975,19,45,0,0,0,0,0,0,0,0,0,0,84641,72217,70309,121645,73000,98387,70339,470916,48539,29147
47,0,0,0,0,0,1,0,0,0,0,0,817,788,2226,3002,333,236,311,4118,0,33839,3257,403,26,4,6105,28,9,6,7,17,5,7,23,0,0,685119,22559,201709,811502,145788,138243,144146,356558,51737,675388,0,0,0,0,11,17,6358,3,37,23,9,20,31246,30552,17371,19288,24,1,4441,6951,27,28,0,62,36,207,202,585,193,29,136,64,124,32578,132234,21514,6801,16835,10460,30090,141661,519890,6251,9659,45848,69485,204869,146668,202851,29863,199397,98794,54085,109264,0,0,0,0,0,0,0,12,0,0,5,357,513,0,2757,4908,1775,1782,2845,695,494,738,62,41,17,70,38,285,304,177,148,11,0,9,1679,0,0,0,0,0,0,0,246252,145577,143691,3255310,150860,339286,440731,316466,869820,58365,293,4,6,0,0,0,0,0,0,0,0,0,1,11388,45065,29641,58207,29403,19196,153282,52457,19820,38095
44,0,0,0,0,0,0,0,0,1,0,0,4511,8174,10479,28337,3261,877,893,1125,0,48424,25908,2269,76,89,17560,23,37,48,18,56,103,43,273,0,0,308501,91183,121987,601804,136155,489949,747627,69055,144397,95819,0,0,0,0,26,47,9964,35,58,40,22,2781,185870,29530,102682,69348,189,40,21932,26162,56,78,0,147,122,753,489,873,1259,205,119,347,192,359612,945566,84082,282104,72857,22931,416228,1519922,902556,47521,22986,283139,174031,252721,285312,249412,143643,112307,153319,220146,367141,0,0,0,0,0,0,0,37,0,0,28,1861,901,0,5955,4139,3744,5417,3581,2498,1260,2230,283,61,170,279,608,158,80,149,330,71,0,63,7602,0,0,0,0,0,0,0,117709,226106,412679,118090,6859375,171570,933361,194902,815476,187795,786,39,29,1,0,0,0,0,0,0,0,0,0,64492,98844,92683,79257,80512,113242,99102,326990,38514,32093
45,0,0,0,0,0,0,0,1,0,0,0,2630,1061,9669,4306,68,2214,179,749,0,19920,10154,876,44,20,5240,12,12,7,7,13,3,18,188,0,0,160587,28749,210952,296844,1145472,58609,112389,588245,109535,1358377,0,0,0,0,92,63,13859,10,20,40,15,35,42427,17618,15652,70896,7,3,16314,19015,205,5,0,71,48,292,262,1083,812,83,110,129,414,41097,625361,668057,7237,23030,7317,46669,248702,195101,11213,14298,245280,287292,247044,48886,496870,83457,131848,122042,33175,409034,0,0,0,0,0,0,0,19,0,0,3,352,1168,0,3944,3950,8222,1319,1944,656,906,1692,53,24,43,136,71,93,40,24,170,37,0,17,3959,0,0,0,0,0,0,0,293544,152084,210045,351119,209331,5625018,650732,452521,452777,229718,404,9,66,0,1,0,0,0,0,0,0,0,0,26815,104686,18420,76663,77600,90247,70881,87103,30279,29740
42,0,0,1,0,0,0,0,0,0,0,0,22190,19842,57914,102073,2144,2907,4757,5557,0,259482,136145,10440,410,188,54150,107,302,197,34,146,82,147,6184,0,0,772131,373532,567468,4029448,808529,683900,1068288,375449,362923,350885,0,0,0,0,306,51,51057,104,175,339,161,199,986298,125749,333274,310233,130,44,79346,111000,279,360,0,2500,535,1575,2045,3771,2445,717,1466,820,1612,1104972,6304064,427157,130501,284928,320979,2036213,8628316,8886017,167806,89529,899541,747797,1361827,981602,1308799,601625,644832,711351,397940,2645088,0,0,0,0,0,0,0,781,0,0,82,5668,5329,0,25060,22337,18312,9784,9029,12683,3903,9690,297,1054,551,1688,2531,1693,1024,1850,3228,1094,0,543,25714,0,0,0,0,0,0,0,334767,853286,991655,389801,879657,507926,34805820,481479,4094201,466474,8839,266,790,0,0,1,0,0,0,0,0,0,0,243699,397370,322172,405726,330706,396988,415457,2120249,189929,179970
43,0,0,0,0,0,0,0,0,0,0,0,6043,835,7241,5614,114,520,314,481,0,15885,13150,748,28,54,8963,5,6,6,5,13,5,20,297,0,0,374513,114628,1138893,152469,145217,34018,99590,1104576,132167,167794,0,0,0,0,63,21,7639,14,13,73,27,45,53887,26718,13141,31897,19,17,18203,7779,10,130,0,82,19,254,965,744,493,197,164,529,618,92134,510091,45918,7900,610495,7885,34282,577520,189147,24267,23513,202960,38237,452148,64099,189830,125510,51083,467891,18574,155763,0,0,0,0,0,0,0,18,0,0,7,417,1866,0,13113,2762,3708,1024,3212,1608,400,2522,23,6,11,125,42,137,83,78,1229,413,0,16,5144,0,0,0,0,0,0,0,436418,44142,194756,271948,173979,470125,603356,5760771,370806,376450,526,15,22,0,0,0,0,0,0,0,0,0,0,35178,56789,23757,132472,20238,87420,146077,121963,92120,14316
40,0,0,0,0,0,0,0,0,0,0,0,5489,4942,16383,37150,250,1883,1222,1995,0,456835,41054,2717,75,42,16517,44,14,25,19,57,189,115,522,0,0,595517,74197,294369,787812,341858,235463,591444,165367,196134,944042,0,0,0,0,37,25,23754,12,52,123,39,140,175504,54879,66786,83473,57,21,25121,40282,36,58,0,298,189,693,830,2737,954,259,326,494,483,627435,1114459,282892,35499,83876,42100,238928,1389550,1202988,55045,28875,235939,178948,341579,161236,644281,179894,171466,275043,172342,501416,0,0,0,0,0,0,0,205,0,0,24,889,2834,0,10003,6856,6538,5513,4459,3891,1453,3724,100,34,210,162,943,444,215,1042,378,80,0,149,7362,0,0,0,0,1,1,0,131204,208278,810639,887089,677745,441643,3235171,313036,10242170,277870,1414,73,80,0,0,0,0,1,0,0,0,0,0,56909,190668,57298,124473,92665,112220,214686,294451,71109,49492
87,0,0,0,0,0,0,0,0,0,0,0,716,702,503,2846,125,12,109,60,0,2173,2262,163,4,10,428257,5,65,7,0,2,0,1,14,0,0,11573,11900,9381,32518,8241,11116,16662,3283,7943,3371,0,0,0,0,5,6,42214,10,44,36,31,14,116271,69373,46110,24323,6,8,103693,67275,4,0,0,75,12,304,328,750,1549,104,76,154,107,13423,14262,3629,4575,2967,1765,4809,31322,21471,3772,66761,19168,12521,13860,47582,21087,15960,12521,15728,14959,23202,0,0,0,0,0,0,0,3,0,0,0,17510,1049,0,42147,34724,6925,23749,5580,10186,1754,6057,3,2,237,9,15,5,15,3,27,2,0,10,61905,0,0,0,0,0,0,0,7977,4558,13271,5767,21299,5615,50950,9289,15211,10478,106,2,0,0,0,0,0,0,0,0,0,0,0,19123,9273,163612,9302,10804,14786,10437,32308,52396,32291
1,0,0,0,0,0,0,0,0,0,0,0,82,32,26,67,6,1,17,15,0,155,102,3267,155,49,88,0,8,4,4,4,0,0,26,0,0,854,527,619,3008,565,787,1202,304,632,322,0,0,0,0,2,1,86,3,0,0,2,2,1059,181,514,279,1,2,215,94,146,57,0,0,2,4,2,3,3,1,0,2,0,632,1305,139,77,163,70,799,4063,1142,127,134,1500,782,1821,1581,2328,1843,911,1373,955,3279,0,0,0,0,0,0,0,416,1,0,145,4,9,0,53,14,3,8,3,7,0,2,35,22,87,3,9,3,14,1,9,14,0,0,21,0,0,0,0,0,0,0,228,272,934,225,819,264,10726,391,1780,1022,91420,83,44,0,0,0,0,0,0,0,0,0,0,889,1486,543,1701,1009,1786,1218,1535,820,1263
5,0,0,0,0,0,0,0,0,0,0,0,9,5,4,35,2,2,4,63,0,9,372,125,346,62,9,0,1,0,0,1,4,0,4,0,0,61,5,23,86,26,2,16,7,41,12,0,0,0,0,0,1,1,1,0,2,0,2,27,2,6,4,1,0,4,2,73,309,0,1,0,0,0,3,0,0,1,1,1,65,36,10,12,1,10,4,216,76,4,5,34,53,26,35,113,11,6,14,28,43,0,0,0,0,0,0,0,172,0,0,84,2,0,0,9,0,11,2,2,0,0,1,164,66,15,21,15,3,73,33,8,3,0,0,10,0,0,0,0,0,0,0,23,23,22,3,56,6,526,7,100,46,110,1487,66,0,0,0,0,0,0,0,0,0,0,23,14,13,7,1,22,21,24,3,5
9,0,0,0,0,0,0,0,0,0,0,0,28,62,37,1,6,157,8,19,0,29,37,47,75,134,24,0,1,4,1,0,8,2,6,0,0,21,16,81,92,57,25,63,11,67,37,0,0,0,0,3,4,9,3,9,5,3,4,192,10,36,31,2,1,16,25,42,150,0,0,0,0,10,0,14,0,1,3,2,14,104,165,5,83,12,44,210,518,131,12,128,97,146,44,164,112,74,227,45,277,0,0,0,0,0,0,0,111,0,0,47,2,4,0,2,2,2,0,6,3,0,14,491,119,24,160,13,302,38,73,16,1,0,1,8,0,0,0,0,0,0,0,167,16,59,6,40,55,699,49,50,97,57,48,2703,0,0,0,0,0,0,0,0,0,0,13,17,15,23,26,113,81,56,12,37
146,0,0,0,0,0,0,0,0,0,0,0,0,0,0,0,0,0,0,0,0,0,0,0,0,0,0,0,0,0,0,0,0,0,0,0,0,0,0,0,0,0,0,0,0,0,0,0,0,0,0,0,0,0,0,0,0,0,0,0,0,0,0,0,0,0,0,0,0,0,0,0,0,0,0,0,0,0,0,0,0,0,0,10,0,0,0,0,0,0,0,0,0,0,0,0,0,0,0,0,0,0,0,0,0,2,0,0,0,0,0,0,0,0,0,0,0,0,0,0,0,0,0,0,0,0,0,0,0,0,0,0,0,0,0,0,0,0,0,0,0,0,0,0,0,0,0,1,0,0,0,0,0,0,0,0,0,4,5,0,0,0,0,0,0,0,0,0,0,0,0,0,0,0,0,0
200,0,0,0,0,0,0,0,0,0,0,0,0,0,0,0,0,0,0,0,0,0,0,0,0,0,0,0,0,0,0,0,0,0,0,0,0,0,0,0,0,0,0,0,0,0,0,0,0,0,0,0,0,0,0,0,0,0,0,0,0,0,0,0,0,0,0,0,0,0,0,0,0,0,0,0,0,0,0,0,0,0,0,0,0,0,0,0,0,0,0,0,0,0,0,0,0,0,0,0,0,0,0,0,0,0,0,0,0,0,0,0,0,0,0,0,0,0,0,0,0,0,0,0,0,0,0,0,0,0,1,0,0,0,0,0,0,0,0,0,0,0,0,0,0,0,0,0,0,0,0,0,0,0,0,0,0,0,0,0,0,0,0,0,0,0,0,0,0,0,0,0,0,0,0,0
144,0,0,0,0,0,0,0,0,1,4,0,0,0,0,0,0,0,0,0,0,0,0,0,0,0,0,0,0,0,0,0,0,0,0,0,0,0,0,0,0,0,0,0,0,0,0,0,0,0,0,0,0,0,0,0,0,0,0,0,0,0,0,0,0,0,0,0,0,0,0,0,0,0,0,0,0,0,0,0,0,0,0,0,0,6,0,0,0,0,0,0,0,1,0,0,0,0,0,0,0,0,0,0,0,0,0,0,0,0,0,0,0,0,0,0,0,0,0,0,0,0,0,0,0,0,0,0,0,0,0,0,0,2,0,0,0,0,0,0,0,0,0,0,0,0,0,0,0,1,0,0,0,0,0,0,4,0,4,0,0,0,0,0,0,0,0,0,0,0,0,0,0,0,0,0
145,0,0,0,0,0,0,0,0,0,0,0,0,0,0,0,0,0,0,0,0,0,0,0,0,0,0,0,0,0,0,0,0,0,0,0,0,0,0,0,0,0,0,0,0,0,0,0,0,0,0,0,0,0,0,0,0,0,0,0,0,0,0,0,0,0,0,0,0,0,0,0,0,0,0,0,0,0,0,0,0,0,0,0,2,0,0,0,0,0,0,0,0,0,0,0,0,0,0,0,0,0,0,0,0,0,0,0,0,0,0,0,0,0,0,0,0,0,0,0,0,0,0,0,0,0,0,0,0,0,0,0,0,0,0,0,0,0,0,0,0,0,0,0,0,0,0,0,0,0,0,0,0,0,0,0,0,0,2,0,0,0,0,0,0,0,0,0,0,0,0,0,0,0,0,0
142,0,0,0,0,0,0,0,0,0,0,0,0,0,0,0,0,0,0,0,0,1,0,0,0,0,0,0,0,0,0,0,0,0,0,0,0,0,0,0,0,0,0,0,0,0,0,0,0,0,0,0,0,0,0,0,0,0,0,0,0,0,0,0,0,0,0,0,0,0,0,0,0,0,0,0,0,0,0,0,0,0,0,0,0,0,0,0,0,0,0,0,0,0,0,0,0,0,0,0,0,0,0,0,0,0,0,0,0,0,0,0,0,0,0,0,0,0,0,0,0,0,0,0,0,0,0,0,0,0,0,0,0,0,0,0,0,0,0,0,0,0,0,0,0,0,0,0,0,0,0,1,0,0,0,0,0,0,0,0,0,0,0,2,0,0,0,0,0,0,0,0,0,0,0,0
143,0,0,0,0,0,0,0,0,0,0,0,0,0,0,0,0,0,0,0,0,0,2,0,0,0,0,0,0,0,0,0,0,0,0,0,0,0,0,0,0,0,0,0,0,0,0,0,0,0,0,0,0,0,0,0,0,0,0,0,0,0,0,0,0,0,0,0,0,0,0,0,0,0,0,0,0,0,0,0,0,0,0,0,0,0,0,0,0,0,0,0,0,0,0,0,0,0,0,0,0,0,0,0,0,0,0,0,0,0,0,0,0,0,0,0,0,0,0,0,0,0,0,0,0,0,0,0,0,0,0,0,0,0,0,0,0,0,0,0,0,1,0,0,0,0,0,0,0,0,0,0,0,0,0,0,0,0,0,0,1,0,0,0,0,0,0,0,0,0,0,0,0,0,0,0
140,0,0,0,0,0,0,0,0,0,4,0,0,0,1,0,0,0,0,0,0,0,0,0,0,0,0,0,0,0,0,0,0,0,0,0,0,0,0,0,0,0,0,0,0,0,0,0,0,0,0,0,0,0,0,0,0,0,0,0,0,0,0,0,0,0,0,0,0,0,0,0,0,0,0,0,0,0,0,0,0,3,0,0,0,0,0,0,0,0,0,0,0,0,0,0,0,0,0,0,0,0,0,0,0,0,0,0,0,0,0,0,0,0,0,0,0,0,0,0,0,0,0,0,0,0,0,0,0,0,0,0,0,0,0,0,0,0,0,0,0,0,0,0,0,0,0,0,0,0,0,0,0,0,0,0,0,0,0,0,0,0,0,0,0,0,0,0,0,0,0,0,0,0,0,0
141,0,0,0,0,0,0,0,0,0,0,0,0,0,0,1,0,0,0,0,0,0,0,0,0,0,0,0,0,0,0,0,0,0,0,0,0,0,0,0,0,0,0,0,0,0,0,0,0,0,0,0,0,0,0,0,0,0,0,0,0,0,0,0,0,0,0,0,0,0,0,0,0,0,0,0,0,0,0,0,1,0,0,0,0,0,0,0,0,0,0,0,0,0,0,0,0,0,0,0,0,0,0,0,0,0,0,0,0,0,0,0,0,0,0,0,0,0,0,0,0,0,0,0,0,0,0,0,0,0,0,0,0,0,0,0,0,0,0,0,0,0,0,0,0,0,0,0,0,0,0,0,0,0,0,0,0,0,0,0,0,0,2,0,0,0,0,0,0,0,0,0,0,0,0,0
148,0,0,0,0,0,0,0,0,0,0,0,0,0,0,0,0,0,0,0,0,0,0,0,0,0,0,0,0,0,0,0,0,0,0,0,0,0,0,0,0,0,0,0,0,0,0,0,0,0,0,0,0,0,0,0,0,0,0,0,0,0,0,0,0,0,0,0,0,0,0,0,0,0,0,0,0,0,0,0,0,0,0,0,0,0,0,0,0,1,0,0,0,0,0,0,0,0,0,0,0,0,0,0,0,0,0,0,0,0,0,0,0,0,0,0,0,0,0,0,0,0,0,0,0,0,0,0,0,0,0,0,0,0,0,0,0,0,0,0,0,0,0,0,0,0,0,0,0,0,0,0,0,0,0,0,0,1,0,0,0,0,0,0,0,0,0,0,0,0,0,0,0,0,0,0
149,0,0,0,0,0,0,0,0,0,0,0,0,0,0,0,0,0,0,0,0,0,0,0,0,0,0,0,0,0,0,0,0,0,0,0,0,0,0,0,0,0,0,0,0,0,0,0,0,0,0,0,0,0,0,0,0,0,0,0,0,0,0,0,0,0,0,0,0,0,0,0,0,0,0,0,0,0,0,0,0,0,0,0,0,0,0,0,7,0,0,0,0,0,0,0,0,0,0,0,0,0,0,0,0,0,0,0,0,0,0,0,0,0,0,0,0,0,0,0,0,0,0,0,0,0,0,0,0,0,0,0,0,0,0,0,2,0,0,0,0,0,0,0,0,0,1,0,0,0,0,0,0,0,0,0,0,5,0,0,0,0,0,0,1,0,0,0,0,0,0,0,0,0,0,0
77,0,0,0,0,0,0,0,0,0,0,0,2789,1799,5571,5965,64,85,576,270,0,7628,35603,1024,5,43,20238,44,13,34,1,14,27,4,155,0,0,41784,80615,54591,82372,80505,54652,48224,44838,135130,13989,0,0,0,0,72,73,14213,11,21,58,55,29,266536,50281,277254,475899,23,3,154139,41535,13,3,0,129,55,117,269,487,3299,73,48,121,372,29043,84180,17348,10621,20991,3771,34465,109034,65896,39160,99457,138276,61640,161600,73500,72078,660533,28737,158854,189236,503879,0,0,22,0,0,0,0,6,0,0,13,387,1645,0,10278,3469,5432,4069,1361,3889,827,2754,54,20,7,19,44,32,81,48,165,21,0,39,149285,0,0,0,0,0,0,0,41847,23712,79632,10405,60448,25183,243246,33466,46322,79337,622,9,9,0,0,0,0,0,0,0,0,0,0,3000350,486071,376316,982132,321507,812746,112117,369240,584388,129814
76,0,0,0,0,0,0,0,0,0,1,0,4215,2049,6629,3446,55,818,205,1249,0,43821,8360,1412,57,23,10525,73,38,9,31,36,16,11,172,0,0,158630,28232,126561,163661,188269,62733,53286,51427,35113,176045,0,0,0,0,32,58,217276,27,25,142,202,100,113037,191217,315231,476672,72,20,163450,79376,8,154,0,211,78,314,887,5205,445,64,244,126,363,22394,115687,77099,10303,33810,12876,48701,203441,122931,8028,52094,209538,127426,169076,57585,929858,92062,123331,653503,260848,839221,0,0,2,0,0,0,0,22,0,0,12,330,1191,0,11521,9111,7682,3988,4287,1359,1432,3148,52,49,26,81,34,44,37,179,89,60,0,95,9052,0,0,0,0,0,0,0,79966,35423,68135,41128,102767,95648,397791,53450,164757,28396,1209,5,16,0,0,0,0,0,0,0,0,0,0,514626,4755829,262437,1049627,860157,1413037,947547,222213,865629,550593
75,0,0,0,0,0,0,0,0,0,0,0,2473,2117,1681,14537,249,74,454,630,0,6706,11779,665,21,41,144346,21,3,12,3,9,1,32,530,0,0,84819,77048,53978,121701,35244,81845,119018,12393,38578,14932,0,0,0,0,28,11,6009,5,43,98,16,40,174898,63347,208452,61017,11,2,82361,21900,14,12,0,221,54,236,479,389,477,160,97,142,146,66750,59903,11183,29484,11554,10209,38480,115657,81854,19531,14734,123492,66702,82114,514350,75793,120262,204821,337496,289542,216121,0,0,9,0,0,0,0,4,0,0,1,3796,384,0,5953,5251,1350,4733,1586,2913,611,1958,93,24,45,54,263,31,22,30,89,25,0,18,8745,0,0,0,0,0,0,0,36034,21551,63792,28630,95196,15551,331592,22019,47145,26193,456,7,15,0,0,0,0,0,0,0,0,0,0,410484,244384,2603173,340220,319328,763997,430317,680961,354210,299153
74,0,0,0,0,0,0,0,0,0,0,0,3615,709,21032,5565,92,451,650,1213,0,21173,19151,1290,8,16,10440,9,26,44,20,27,10,14,193,0,0,205912,127998,204280,183671,204998,59500,64753,209581,90975,62411,0,0,0,0,92,60,21703,60,49,268,110,86,188939,197461,69190,327440,30,3,64679,20663,15,181,1,181,90,820,758,895,628,263,301,88,396,29858,223531,51850,6531,84199,10203,28290,174911,132306,44665,333390,163354,53146,1132065,80539,266957,614017,504961,958904,156098,1571472,0,0,3,0,0,0,0,20,0,0,5,369,7761,0,13016,8640,7486,1790,3745,2807,859,2315,116,20,80,53,152,223,35,34,412,123,0,152,14028,0,0,0,0,0,0,0,54873,18570,111919,54414,79238,72553,402596,124228,106240,46270,1340,8,34,0,0,0,1,0,0,0,0,0,0,873036,1151155,369471,6033495,482849,1176796,1719407,1156824,694792,703879
73,0,0,0,0,0,0,0,0,0,0,0,968,5047,3308,8567,113,621,245,816,0,16381,4874,1071,7,6,12038,27,38,37,6,26,11,10,254,0,0,83819,69378,34296,169053,149875,103443,54947,21508,32196,62760,0,0,0,0,59,15,12555,15,28,66,22,33,149642,37527,152717,172100,12,17,12721,175974,6,6,0,436,129,531,213,818,250,131,146,183,256,33401,66780,60126,19053,11179,30930,84271,97727,102752,18399,12051,62386,514565,128400,134766,517136,224146,374736,176773,560186,1212941,0,0,10,0,0,0,0,19,0,0,18,731,496,0,2416,6633,3506,5307,1742,1928,5313,905,99,100,28,33,218,43,17,346,81,88,0,175,6897,0,0,0,0,0,0,0,10614,80581,69857,25806,79245,72739,331071,18255,76864,16553,788,3,13,0,0,0,0,0,0,0,0,0,0,266549,752764,333545,485788,3109092,223232,544673,746122,73611,290198
72,0,0,0,0,0,0,0,0,0,0,0,10824,881,7949,9763,300,420,306,717,0,14424,54659,1994,6,43,16351,43,7,36,5,14,8,15,201,0,2,69603,89214,208970,142194,238507,102051,95941,69890,158701,80062,0,0,0,1,51,85,21344,33,85,94,78,44,102703,37619,124837,287042,27,15,424563,11672,16,54,0,667,204,177,590,1471,978,166,812,289,388,42782,120789,60988,26569,47789,5569,27525,294577,92863,28232,33801,1065734,49310,294014,433585,895775,852953,184241,1919626,764950,2341327,0,0,2,0,0,0,0,14,0,0,9,812,1440,0,12357,2379,6593,3676,1688,2301,514,14157,53,9,15,240,246,68,306,43,240,42,0,110,14079,1,0,0,0,0,0,0,218412,18927,88319,19501,109625,83619,388584,80437,94155,114542,1173,5,114,0,0,0,0,0,0,0,0,0,0,702443,1231727,661614,1298815,231289,6254308,735834,862977,448975,89111
71,0,0,0,0,0,0,0,0,0,0,0,2274,2000,7720,5426,184,478,151,2496,0,52168,6598,1358,18,9,11249,47,27,47,4,42,13,10,213,0,0,862034,17587,247056,209496,141579,109851,67743,100893,33432,169986,0,0,0,0,36,131,18440,87,72,142,59,152,58129,355130,156915,98624,21,12,20554,20013,15,67,0,217,65,491,584,1171,334,78,610,144,177,25876,131572,43120,18755,74482,19750,39159,131815,190205,4613,34057,120749,128744,986709,293391,1031757,245763,1053429,2368136,1085613,1315745,0,0,3,0,0,0,0,27,0,0,6,726,1847,0,8956,8552,4205,4009,11455,947,1076,1518,98,69,36,145,284,62,35,60,253,72,0,65,3234,0,0,0,0,0,0,0,32348,32490,63019,144561,95852,62064,404064,139513,182229,22574,1261,30,171,0,0,0,0,0,0,0,0,0,0,109138,830591,372104,1508283,579636,784557,5559475,308684,349200,272684
70,0,0,0,0,0,0,0,0,0,0,0,8261,5459,11954,40007,439,606,1763,1465,0,45867,39545,3392,74,48,28270,43,26,226,7,48,12,26,274,0,0,193576,673072,243440,1096924,148198,230425,334221,83796,174393,64535,0,0,0,0,37,502,14751,21,89,266,82,58,671308,35669,135078,107376,258,20,37743,39616,27,44,0,1215,849,656,705,2433,1014,622,3590,439,351,212816,359557,56391,38192,74685,33600,227013,601477,510952,116911,42726,447922,495900,1095464,964795,572585,1503420,716170,1751916,578871,1276976,0,0,4,0,0,0,0,55,0,0,26,2425,1878,0,12445,7560,4796,6889,3546,16480,1514,4601,47,78,121,63,674,126,194,2438,809,71,0,42,15114,0,0,0,0,0,0,0,101070,83375,525409,53298,343848,79157,2455914,117466,259394,101169,1066,38,60,0,0,0,0,0,0,0,0,0,0,355540,189135,577246,960677,611915,907869,279724,8125036,249483,124701
79,0,0,0,0,0,0,0,0,0,0,0,4772,502,5092,5851,56,100,290,250,0,12792,11127,644,9,31,50517,6,18,32,6,36,3,16,120,0,0,83204,54973,189784,66561,59876,19051,51378,45229,35683,46716,0,0,0,0,31,23,79076,63,36,90,18,31,319001,355456,163724,610188,20,0,281400,27546,16,22,0,173,77,154,2355,943,385,78,239,284,313,28412,69413,21804,4217,52152,2658,13869,121002,51967,14459,140099,128169,24626,151109,71352,144879,77363,29858,841543,31271,171118,0,0,5,0,0,0,0,7,0,0,5,1010,2361,0,141209,6757,7584,2988,3670,3675,499,3349,84,14,22,50,12,31,44,85,356,34,0,13,20381,0,0,0,0,0,0,0,59425,11456,45131,18806,39330,27874,191964,84395,60143,25040,535,2,12,0,0,0,0,0,0,0,0,0,0,540712,940823,406547,808632,73125,440385,367345,258924,3170152,343259
78,0,0,0,0,0,0,0,0,0,0,0,612,1283,6278,3767,110,120,177,977,0,10349,1734,389,8,7,33382,16,10,14,8,7,12,10,80,0,0,81547,23683,22220,127316,78210,24078,31774,46459,7965,24816,0,0,0,0,13,50,16712,10,43,41,46,13,143442,164155,226017,423362,20,7,33720,62774,15,5,0,44,48,1662,213,1644,844,115,169,140,130,16994,72722,19372,7420,7288,21515,20380,49731,67493,4441,71426,26615,60680,127995,55366,70860,16540,451884,49401,53972,373888,0,0,0,0,0,0,0,15,0,0,3,574,820,0,4489,92752,4659,4557,2692,1832,1264,591,29,17,39,30,17,13,6,18,41,78,0,48,3950,0,0,0,0,0,0,0,9905,19951,28649,35820,32146,27532,180098,13411,42945,6175,399,1,11,0,0,0,0,0,0,0,0,0,0,126422,507809,339060,786248,336727,94870,276935,139261,359422,2098011
